﻿customer_id,customer_name,email,gender,city,signup_date
C1001,James Johnson,jamesjohnson@example.com,F,Houston,2023-04-03
C1002,Isabella Miller,isabellamiller@example.com,M,Toronto,2022-03-07
C1003,Liam Garcia,liamgarcia@example.com,M,Houston,2024-10-31
C1004,Liam Gonzalez,liamgonzalez@example.com,F,Houston,2024-07-08
C1005,Jacob Smith,jacobsmith@example.com,M,Toronto,2023-11-28
C1006,Jacob Martinez,jacobmartinez@example.com,M,São Paulo,2022-07-29
C1007,Elijah Harris,elijahharris@example.com,M,São Paulo,2023-12-06
C1008,Harper Williams,harperwilliams@example.com,F,Los Angeles,2024-02-15
C1009,Elijah Jackson,elijahjackson@example.com,F,Houston,2022-05-23
C1010,Emma Anderson,emmaanderson@example.com,F,Los Angeles,2023-04-22
C1011,Sophia Harris,sophiaharris@example.com,F,London,2024-01-18
C1012,Mia White,miawhite@example.com,F,Houston,2023-07-01
C1013,Ava Hernandez,avahernandez@example.com,M,Chicago,2024-08-04
C1014,Ella Moore,ellamoore@example.com,M,São Paulo,2022-04-25
C1015,Amelia Williams,ameliawilliams@example.com,F,Toronto,2023-07-03
C1016,Ava Wilson,avawilson@example.com,F,Houston,2024-10-19
C1017,Henry Robinson,henryrobinson@example.com,M,Phoenix,2022-10-13
C1018,Ethan Wright,ethanwright@example.com,F,Toronto,2024-03-28
C1019,Alexander Anderson,alexanderanderson@example.com,M,London,2022-07-06
C1020,Noah Davis,noahdavis@example.com,M,Chicago,2024-05-14
C1021,Ava Harris,avaharris@example.com,F,London,2024-12-19
C1022,Harper Smith,harpersmith@example.com,M,Phoenix,2023-11-28
C1023,James Jackson,jamesjackson@example.com,F,Chicago,2024-07-18
C1024,Olivia Taylor,oliviataylor@example.com,M,Los Angeles,2023-09-04
C1025,Chloe Gonzalez,chloegonzalez@example.com,M,São Paulo,2022-11-27
C1026,Luna King,lunaking@example.com,M,São Paulo,2024-09-27
C1027,Liam Davis,liamdavis@example.com,F,Phoenix,2023-05-06
C1028,Noah Thomas,noahthomas@example.com,M,Los Angeles,2024-09-22
C1029,Ava Wright,avawright@example.com,M,Chicago,2024-08-31
C1030,Mia Taylor,miataylor@example.com,F,Houston,2023-02-16
C1031,Michael Sanchez,michaelsanchez@example.com,F,London,2024-11-25
C1032,Grace Davis,gracedavis@example.com,M,Houston,2022-05-12
C1033,Benjamin Johnson,benjaminjohnson@example.com,M,Houston,2022-01-15
C1034,Ava Brown,avabrown@example.com,M,Los Angeles,2022-03-06
C1035,Benjamin Jones,benjaminjones@example.com,M,Phoenix,2024-09-21
C1036,Logan Wright,loganwright@example.com,M,London,2023-05-13
C1037,Aria Clark,ariaclark@example.com,M,Los Angeles,2022-07-18
C1038,Daniel Thompson,danielthompson@example.com,F,Toronto,2024-08-14
C1039,Noah Miller,noahmiller@example.com,M,Toronto,2023-11-26
C1040,Sophia Thomas,sophiathomas@example.com,M,Houston,2024-07-07
C1041,Isabella Ramirez,isabellaramirez@example.com,M,Phoenix,2024-08-05
C1042,Ethan Jones,ethanjones@example.com,F,Los Angeles,2022-04-14
C1043,Luna Smith,lunasmith@example.com,M,Houston,2022-12-07
C1044,Scarlett Young,scarlettyoung@example.com,F,Houston,2024-04-01
C1045,Noah Hernandez,noahhernandez@example.com,F,New York,2024-03-10
C1046,Harper Robinson,harperrobinson@example.com,F,Toronto,2024-09-23
C1047,Lucas Gonzalez,lucasgonzalez@example.com,F,Houston,2022-04-30
C1048,Luna Brown,lunabrown@example.com,F,New York,2022-04-13
C1049,Aria Allen,ariaallen@example.com,M,New York,2024-11-06
C1050,Elijah Lopez,elijahlopez@example.com,M,Los Angeles,2023-04-27
C1051,Henry Davis,henrydavis@example.com,M,New York,2022-06-17
C1052,Scarlett King,scarlettking@example.com,F,Phoenix,2023-02-23
C1053,Abigail Thomas,abigailthomas@example.com,F,Toronto,2022-09-26
C1054,Michael Robinson,michaelrobinson@example.com,F,Los Angeles,2022-01-20
C1055,Matthew Miller,matthewmiller@example.com,M,Houston,2024-11-02
C1056,Harper Rodriguez,harperrodriguez@example.com,F,Los Angeles,2023-05-16
C1057,Alexander Jackson,alexanderjackson@example.com,M,London,2023-09-12
C1058,David Smith,davidsmith@example.com,F,Los Angeles,2022-10-03
C1059,Harper Davis,harperdavis@example.com,M,Chicago,2023-07-12
C1060,Evelyn Wilson,evelynwilson@example.com,F,Houston,2023-06-25
C1061,Chloe Young,chloeyoung@example.com,F,New York,2022-07-09
C1062,Daniel Moore,danielmoore@example.com,M,New York,2023-11-15
C1063,Isabella Taylor,isabellataylor@example.com,M,London,2024-05-25
C1064,Olivia Davis,oliviadavis@example.com,M,Chicago,2022-03-15
C1065,Alexander Martinez,alexandermartinez@example.com,F,Chicago,2022-03-27
C1066,Michael White,michaelwhite@example.com,M,São Paulo,2023-03-07
C1067,Ethan Miller,ethanmiller@example.com,F,Toronto,2022-11-13
C1068,Ethan Hernandez,ethanhernandez@example.com,M,Toronto,2022-02-20
C1069,Mason Perez,masonperez@example.com,F,Houston,2023-07-01
C1070,Mia Miller,miamiller@example.com,F,New York,2024-08-21
C1071,Amelia Gonzalez,ameliagonzalez@example.com,F,São Paulo,2023-09-18
C1072,Amelia Anderson,ameliaanderson@example.com,M,Houston,2024-03-27
C1073,Benjamin Moore,benjaminmoore@example.com,M,Phoenix,2023-12-21
C1074,Chloe Sanchez,chloesanchez@example.com,F,New York,2022-08-25
C1075,Harper Lopez,harperlopez@example.com,F,New York,2022-08-11
C1076,Daniel Thompson,danielthompson@example.com,F,Toronto,2024-11-13
C1077,James Harris,jamesharris@example.com,M,Phoenix,2022-04-01
C1078,Daniel Smith,danielsmith@example.com,M,São Paulo,2024-06-02
C1079,Ava Perez,avaperez@example.com,F,Los Angeles,2023-09-08
C1080,Chloe Martin,chloemartin@example.com,F,São Paulo,2024-04-04
C1081,Evelyn Rodriguez,evelynrodriguez@example.com,M,Toronto,2024-02-16
C1082,Mason Martin,masonmartin@example.com,F,New York,2023-09-15
C1083,Evelyn Wilson,evelynwilson@example.com,F,São Paulo,2024-08-10
C1084,Grace Lewis,gracelewis@example.com,M,London,2022-12-14
C1085,Elijah Jackson,elijahjackson@example.com,F,Los Angeles,2023-04-27
C1086,Michael Anderson,michaelanderson@example.com,M,Chicago,2022-02-20
C1087,Emma Thomas,emmathomas@example.com,F,Los Angeles,2024-07-21
C1088,Scarlett Gonzalez,scarlettgonzalez@example.com,F,London,2024-03-29
C1089,Ethan Martinez,ethanmartinez@example.com,M,Los Angeles,2024-05-20
C1090,Amelia Lopez,amelialopez@example.com,F,New York,2023-05-26
C1091,James Robinson,jamesrobinson@example.com,M,London,2024-12-23
C1092,Abigail Lewis,abigaillewis@example.com,F,London,2022-11-22
C1093,Aria Lewis,arialewis@example.com,F,Houston,2023-07-22
C1094,David Young,davidyoung@example.com,M,Phoenix,2024-06-19
C1095,Ava Jackson,avajackson@example.com,M,Phoenix,2023-11-19
C1096,Abigail Wright,abigailwright@example.com,M,Chicago,2022-11-05
C1097,Amelia Harris,ameliaharris@example.com,M,Houston,2022-05-12
C1098,Scarlett Clark,scarlettclark@example.com,F,London,2024-05-01
C1099,Noah Wilson,noahwilson@example.com,F,Toronto,2022-02-10
C1100,Ella Walker,ellawalker@example.com,M,São Paulo,2023-09-04
C1101,Ella Clark,ellaclark@example.com,M,London,2023-03-26
C1102,Jacob Ramirez,jacobramirez@example.com,F,New York,2024-03-07
C1103,Benjamin Sanchez,benjaminsanchez@example.com,M,London,2022-09-19
C1104,Luna Johnson,lunajohnson@example.com,F,New York,2022-06-21
C1105,Daniel Rodriguez,danielrodriguez@example.com,F,Chicago,2022-04-13
C1106,Harper Harris,harperharris@example.com,F,Houston,2024-07-20
C1107,Abigail Perez,abigailperez@example.com,F,Phoenix,2024-05-13
C1108,Harper Garcia,harpergarcia@example.com,F,New York,2022-04-17
C1109,Emily Anderson,emilyanderson@example.com,M,New York,2022-03-05
C1110,Ethan Gonzalez,ethangonzalez@example.com,M,Chicago,2023-05-04
C1111,Isabella Walker,isabellawalker@example.com,M,Houston,2024-08-10
C1112,Harper White,harperwhite@example.com,M,Los Angeles,2022-12-02
C1113,Michael Miller,michaelmiller@example.com,M,Phoenix,2024-02-08
C1114,Henry Gonzalez,henrygonzalez@example.com,M,Houston,2022-07-28
C1115,Michael Davis,michaeldavis@example.com,M,São Paulo,2024-12-27
C1116,Daniel White,danielwhite@example.com,M,São Paulo,2022-01-26
C1117,Scarlett Young,scarlettyoung@example.com,M,Toronto,2024-01-12
C1118,Matthew Martinez,matthewmartinez@example.com,F,Chicago,2024-12-04
C1119,Jacob Wright,jacobwright@example.com,F,London,2024-06-11
C1120,Jacob Lee,jacoblee@example.com,M,Los Angeles,2023-07-26
C1121,Grace Thomas,gracethomas@example.com,F,Toronto,2023-11-20
C1122,Liam Young,liamyoung@example.com,F,Chicago,2024-09-25
C1123,Logan Thompson,loganthompson@example.com,F,São Paulo,2023-07-27
C1124,Jacob Smith,jacobsmith@example.com,M,Los Angeles,2023-05-10
C1125,Scarlett Young,scarlettyoung@example.com,M,London,2024-10-02
C1126,Grace Johnson,gracejohnson@example.com,M,Phoenix,2023-03-30
C1127,Henry Thomas,henrythomas@example.com,F,São Paulo,2024-08-27
C1128,David Thompson,davidthompson@example.com,F,São Paulo,2023-12-22
C1129,Matthew Moore,matthewmoore@example.com,F,Phoenix,2023-04-18
C1130,James Gonzalez,jamesgonzalez@example.com,F,Los Angeles,2023-01-15
C1131,Charlotte Wilson,charlottewilson@example.com,F,Phoenix,2024-12-10
C1132,Evelyn Miller,evelynmiller@example.com,M,Phoenix,2023-04-11
C1133,Alexander Lopez,alexanderlopez@example.com,F,New York,2024-12-29
C1134,Isabella Moore,isabellamoore@example.com,M,New York,2023-08-22
C1135,Isabella Young,isabellayoung@example.com,M,New York,2023-08-06
C1136,Aria Walker,ariawalker@example.com,F,São Paulo,2023-01-13
C1137,Noah Taylor,noahtaylor@example.com,F,Los Angeles,2022-05-14
C1138,Henry Young,henryyoung@example.com,M,New York,2022-11-07
C1139,Lucas Martin,lucasmartin@example.com,M,Houston,2022-08-31
C1140,Scarlett Anderson,scarlettanderson@example.com,F,London,2024-06-25
C1141,Michael Ramirez,michaelramirez@example.com,F,New York,2022-07-23
C1142,Logan Wilson,loganwilson@example.com,F,Los Angeles,2022-11-18
C1143,Ethan Lopez,ethanlopez@example.com,M,Chicago,2022-01-06
C1144,Scarlett Lewis,scarlettlewis@example.com,F,Phoenix,2022-03-08
C1145,Amelia Jackson,ameliajackson@example.com,F,London,2022-05-26
C1146,Amelia Taylor,ameliataylor@example.com,M,Toronto,2022-08-24
C1147,Luna Anderson,lunaanderson@example.com,M,Phoenix,2022-10-19
C1148,Ava Brown,avabrown@example.com,M,Phoenix,2023-08-15
C1149,Grace Davis,gracedavis@example.com,F,Phoenix,2024-04-04
C1150,Jacob Allen,jacoballen@example.com,F,London,2022-06-14
C1151,Emma Ramirez,emmaramirez@example.com,F,Phoenix,2022-02-22
C1152,Elijah Anderson,elijahanderson@example.com,M,Phoenix,2022-03-24
C1153,Mason Walker,masonwalker@example.com,F,Phoenix,2023-01-07
C1154,Daniel Young,danielyoung@example.com,M,London,2023-12-14
C1155,Scarlett Perez,scarlettperez@example.com,F,Los Angeles,2022-11-26
C1156,Benjamin Clark,benjaminclark@example.com,F,Phoenix,2024-03-31
C1157,Emma Robinson,emmarobinson@example.com,M,São Paulo,2023-06-01
C1158,Abigail Davis,abigaildavis@example.com,F,New York,2024-08-04
C1159,Scarlett Brown,scarlettbrown@example.com,M,São Paulo,2024-10-17
C1160,Grace Brown,gracebrown@example.com,M,Phoenix,2022-09-26
C1161,Evelyn Lewis,evelynlewis@example.com,F,Los Angeles,2022-03-01
C1162,Ethan Hernandez,ethanhernandez@example.com,F,New York,2024-04-15
C1163,Elijah Anderson,elijahanderson@example.com,M,London,2022-08-29
C1164,Lucas Young,lucasyoung@example.com,F,Phoenix,2024-04-30
C1165,Aria Walker,ariawalker@example.com,M,London,2022-10-24
C1166,Ella Gonzalez,ellagonzalez@example.com,M,Los Angeles,2023-07-20
C1167,Scarlett Perez,scarlettperez@example.com,F,New York,2023-08-03
C1168,Michael Young,michaelyoung@example.com,M,London,2024-09-18
C1169,Emily Perez,emilyperez@example.com,F,London,2023-10-22
C1170,Charlotte Thomas,charlottethomas@example.com,F,Houston,2024-04-21
C1171,Emma Lee,emmalee@example.com,F,Toronto,2024-03-01
C1172,Lucas Young,lucasyoung@example.com,M,Chicago,2024-10-25
C1173,Benjamin Miller,benjaminmiller@example.com,F,Los Angeles,2024-12-13
C1174,Matthew Smith,matthewsmith@example.com,M,Toronto,2022-11-13
C1175,Ava Walker,avawalker@example.com,F,São Paulo,2024-03-25
C1176,Elijah Perez,elijahperez@example.com,F,São Paulo,2024-09-26
C1177,Luna Williams,lunawilliams@example.com,M,Houston,2023-08-12
C1178,Amelia Garcia,ameliagarcia@example.com,F,Los Angeles,2022-07-25
C1179,Grace Hernandez,gracehernandez@example.com,F,New York,2022-04-05
C1180,Abigail Brown,abigailbrown@example.com,F,São Paulo,2024-02-07
C1181,Daniel Martinez,danielmartinez@example.com,M,Toronto,2023-01-04
C1182,Mia Lopez,mialopez@example.com,M,Toronto,2023-05-09
C1183,Sebastian Martinez,sebastianmartinez@example.com,M,London,2023-06-05
C1184,Matthew Taylor,matthewtaylor@example.com,M,London,2023-08-13
C1185,Luna Hernandez,lunahernandez@example.com,M,London,2023-12-09
C1186,Michael Ramirez,michaelramirez@example.com,F,London,2023-09-11
C1187,Charlotte Harris,charlotteharris@example.com,F,Los Angeles,2023-05-01
C1188,Ella Thompson,ellathompson@example.com,F,Phoenix,2022-02-14
C1189,Henry Moore,henrymoore@example.com,M,New York,2024-10-14
C1190,Evelyn Anderson,evelynanderson@example.com,F,Houston,2023-01-25
C1191,Harper Rodriguez,harperrodriguez@example.com,M,New York,2023-09-25
C1192,Grace Williams,gracewilliams@example.com,F,Chicago,2022-07-04
C1193,Evelyn Lee,evelynlee@example.com,F,Chicago,2023-02-16
C1194,Isabella Wright,isabellawright@example.com,F,Phoenix,2022-12-03
C1195,Harper Walker,harperwalker@example.com,F,São Paulo,2022-08-24
C1196,Matthew Jones,matthewjones@example.com,M,Houston,2024-03-24
C1197,Alexander Garcia,alexandergarcia@example.com,F,New York,2023-06-26
C1198,Luna Davis,lunadavis@example.com,F,São Paulo,2023-06-21
C1199,Ella White,ellawhite@example.com,M,Houston,2024-08-23
C1200,Liam Lee,liamlee@example.com,M,Los Angeles,2024-08-08
C1201,Michael Clark,michaelclark@example.com,M,Chicago,2022-04-03
C1202,Emma Martin,emmamartin@example.com,F,Los Angeles,2022-07-19
C1203,Ethan Wright,ethanwright@example.com,M,Toronto,2024-07-18
C1204,Alexander Wright,alexanderwright@example.com,F,Chicago,2024-04-29
C1205,Sophia Young,sophiayoung@example.com,F,Phoenix,2022-03-09
C1206,Alexander Wilson,alexanderwilson@example.com,F,London,2023-04-29
C1207,Alexander Miller,alexandermiller@example.com,F,São Paulo,2022-05-05
C1208,Henry Moore,henrymoore@example.com,M,Los Angeles,2024-07-20
C1209,Elijah Wilson,elijahwilson@example.com,M,New York,2023-11-15
C1210,Ethan Rodriguez,ethanrodriguez@example.com,M,Los Angeles,2023-03-01
C1211,Logan Anderson,logananderson@example.com,F,Chicago,2022-01-06
C1212,Jacob Martinez,jacobmartinez@example.com,M,Phoenix,2022-12-24
C1213,James Johnson,jamesjohnson@example.com,M,New York,2024-01-04
C1214,Ethan Lee,ethanlee@example.com,M,Chicago,2023-06-28
C1215,Noah Rodriguez,noahrodriguez@example.com,F,Los Angeles,2022-05-11
C1216,Aria Lewis,arialewis@example.com,F,Los Angeles,2024-07-14
C1217,Chloe Anderson,chloeanderson@example.com,M,Phoenix,2024-07-27
C1218,Liam Brown,liambrown@example.com,F,Toronto,2024-05-23
C1219,Sophia Young,sophiayoung@example.com,F,Los Angeles,2022-06-15
C1220,Abigail Martinez,abigailmartinez@example.com,M,Chicago,2023-07-18
C1221,Abigail Harris,abigailharris@example.com,F,London,2024-11-01
C1222,Daniel Miller,danielmiller@example.com,M,Houston,2024-05-30
C1223,Grace Anderson,graceanderson@example.com,F,São Paulo,2024-07-17
C1224,Henry Clark,henryclark@example.com,M,São Paulo,2024-05-24
C1225,Abigail Taylor,abigailtaylor@example.com,F,Chicago,2024-08-29
C1226,Ava Garcia,avagarcia@example.com,M,Los Angeles,2024-06-03
C1227,Sophia White,sophiawhite@example.com,M,New York,2023-11-07
C1228,James Clark,jamesclark@example.com,F,Toronto,2022-04-16
C1229,Evelyn Martin,evelynmartin@example.com,F,Los Angeles,2024-11-05
C1230,Logan Martinez,loganmartinez@example.com,F,Houston,2022-08-10
C1231,Emily White,emilywhite@example.com,M,Phoenix,2023-04-09
C1232,Daniel Johnson,danieljohnson@example.com,F,New York,2023-01-05
C1233,Jacob Martin,jacobmartin@example.com,F,São Paulo,2022-01-13
C1234,Mason Martinez,masonmartinez@example.com,F,Los Angeles,2022-10-18
C1235,Liam Garcia,liamgarcia@example.com,M,Toronto,2024-05-09
C1236,Matthew Perez,matthewperez@example.com,M,São Paulo,2023-10-01
C1237,Abigail Garcia,abigailgarcia@example.com,M,Chicago,2022-11-19
C1238,Noah Garcia,noahgarcia@example.com,F,London,2024-05-18
C1239,Sebastian Lewis,sebastianlewis@example.com,F,Phoenix,2023-03-18
C1240,Chloe Davis,chloedavis@example.com,F,Toronto,2022-08-16
C1241,Evelyn Young,evelynyoung@example.com,F,New York,2023-03-28
C1242,Henry Brown,henrybrown@example.com,M,Houston,2023-09-10
C1243,Logan Rodriguez,loganrodriguez@example.com,F,Phoenix,2023-11-03
C1244,James Smith,jamessmith@example.com,F,Toronto,2022-12-26
C1245,Isabella Harris,isabellaharris@example.com,M,São Paulo,2022-05-28
C1246,Henry Williams,henrywilliams@example.com,F,New York,2024-07-30
C1247,Ava Lee,avalee@example.com,F,Toronto,2024-05-05
C1248,Evelyn Davis,evelyndavis@example.com,F,New York,2023-10-28
C1249,Mia Robinson,miarobinson@example.com,F,Los Angeles,2024-06-13
C1250,Sophia Thomas,sophiathomas@example.com,F,Toronto,2024-12-09
C1251,Elijah Sanchez,elijahsanchez@example.com,F,São Paulo,2023-03-30
C1252,Benjamin Hernandez,benjaminhernandez@example.com,M,Los Angeles,2024-12-22
C1253,Chloe Gonzalez,chloegonzalez@example.com,F,São Paulo,2022-10-30
C1254,Ethan Miller,ethanmiller@example.com,M,Phoenix,2023-02-09
C1255,Mason Martinez,masonmartinez@example.com,M,Chicago,2024-10-08
C1256,Matthew Lewis,matthewlewis@example.com,F,São Paulo,2022-11-06
C1257,Grace Jones,gracejones@example.com,F,London,2023-09-13
C1258,Jacob Brown,jacobbrown@example.com,F,Los Angeles,2023-09-28
C1259,Matthew Lewis,matthewlewis@example.com,M,New York,2024-01-26
C1260,Evelyn Jones,evelynjones@example.com,M,Toronto,2024-08-05
C1261,Emma Lewis,emmalewis@example.com,M,São Paulo,2024-09-01
C1262,Chloe Martinez,chloemartinez@example.com,M,London,2022-07-31
C1263,Benjamin Garcia,benjamingarcia@example.com,M,New York,2023-05-23
C1264,Grace Lewis,gracelewis@example.com,M,São Paulo,2024-02-03
C1265,Evelyn Harris,evelynharris@example.com,F,São Paulo,2022-04-18
C1266,Benjamin Jones,benjaminjones@example.com,F,Los Angeles,2024-03-02
C1267,Evelyn Taylor,evelyntaylor@example.com,M,São Paulo,2022-06-16
C1268,Lucas Thompson,lucasthompson@example.com,F,Toronto,2022-09-22
C1269,Elijah Martin,elijahmartin@example.com,F,São Paulo,2022-09-19
C1270,David Garcia,davidgarcia@example.com,F,São Paulo,2022-02-07
C1271,Alexander Martin,alexandermartin@example.com,M,Houston,2023-12-01
C1272,Sebastian Gonzalez,sebastiangonzalez@example.com,M,Chicago,2022-11-14
C1273,Ava Jackson,avajackson@example.com,M,New York,2023-11-21
C1274,Isabella Harris,isabellaharris@example.com,M,Chicago,2023-01-06
C1275,Mia Lewis,mialewis@example.com,M,Toronto,2024-01-17
C1276,Ethan Lewis,ethanlewis@example.com,F,London,2023-04-25
C1277,Luna Thomas,lunathomas@example.com,F,London,2023-02-02
C1278,Alexander Lewis,alexanderlewis@example.com,F,Phoenix,2024-02-22
C1279,Chloe King,chloeking@example.com,F,Chicago,2023-02-13
C1280,Isabella Taylor,isabellataylor@example.com,M,London,2024-01-31
C1281,Sophia King,sophiaking@example.com,M,Phoenix,2022-06-21
C1282,Mia Moore,miamoore@example.com,F,Chicago,2024-06-14
C1283,Elijah Anderson,elijahanderson@example.com,F,São Paulo,2022-02-24
C1284,Scarlett Brown,scarlettbrown@example.com,F,São Paulo,2023-04-28
C1285,Ella Garcia,ellagarcia@example.com,F,Houston,2022-02-27
C1286,Abigail Miller,abigailmiller@example.com,F,Chicago,2022-10-09
C1287,Emma Jackson,emmajackson@example.com,F,Chicago,2024-08-18
C1288,Grace Smith,gracesmith@example.com,M,New York,2023-06-09
C1289,Logan Martinez,loganmartinez@example.com,F,Los Angeles,2023-08-14
C1290,Ethan Martin,ethanmartin@example.com,M,New York,2023-05-04
C1291,Scarlett Robinson,scarlettrobinson@example.com,M,Los Angeles,2024-10-20
C1292,Luna Johnson,lunajohnson@example.com,M,Chicago,2023-08-20
C1293,Daniel Smith,danielsmith@example.com,F,Houston,2024-05-03
C1294,Mason Garcia,masongarcia@example.com,F,Los Angeles,2024-12-13
C1295,Luna Allen,lunaallen@example.com,M,Toronto,2024-08-20
C1296,Emma Harris,emmaharris@example.com,F,Phoenix,2022-02-03
C1297,Emily Jones,emilyjones@example.com,F,Houston,2022-08-01
C1298,Benjamin Rodriguez,benjaminrodriguez@example.com,M,São Paulo,2023-11-25
C1299,Mason Robinson,masonrobinson@example.com,F,Chicago,2022-10-04
C1300,Ava Robinson,avarobinson@example.com,M,Phoenix,2023-02-17
C1301,Emma Gonzalez,emmagonzalez@example.com,M,São Paulo,2023-09-28
C1302,Chloe Sanchez,chloesanchez@example.com,F,Phoenix,2022-03-16
C1303,Charlotte Jackson,charlottejackson@example.com,F,New York,2023-11-11
C1304,Jacob Davis,jacobdavis@example.com,F,Toronto,2024-03-30
C1305,Grace Harris,graceharris@example.com,F,Chicago,2024-10-13
C1306,Sebastian White,sebastianwhite@example.com,F,Los Angeles,2024-05-19
C1307,Elijah Ramirez,elijahramirez@example.com,M,Phoenix,2023-10-20
C1308,Sophia Garcia,sophiagarcia@example.com,F,Phoenix,2023-09-20
C1309,Grace Ramirez,graceramirez@example.com,M,London,2023-12-21
C1310,Grace Williams,gracewilliams@example.com,F,Toronto,2023-07-17
C1311,Noah Jones,noahjones@example.com,F,São Paulo,2024-11-16
C1312,Mia Johnson,miajohnson@example.com,M,London,2022-03-13
C1313,Isabella Jones,isabellajones@example.com,M,São Paulo,2024-01-12
C1314,Ella Williams,ellawilliams@example.com,M,London,2024-01-30
C1315,Alexander Lewis,alexanderlewis@example.com,M,Chicago,2024-12-20
C1316,Alexander Sanchez,alexandersanchez@example.com,F,Phoenix,2023-05-27
C1317,James Johnson,jamesjohnson@example.com,M,London,2024-11-26
C1318,Ella Davis,elladavis@example.com,F,Phoenix,2024-07-02
C1319,Logan Jackson,loganjackson@example.com,F,Houston,2022-09-09
C1320,Isabella Jones,isabellajones@example.com,F,Chicago,2024-06-30
C1321,Elijah Lee,elijahlee@example.com,F,Los Angeles,2023-08-18
C1322,Michael Hernandez,michaelhernandez@example.com,M,São Paulo,2024-11-07
C1323,Amelia Davis,ameliadavis@example.com,M,Chicago,2023-04-30
C1324,Sebastian Johnson,sebastianjohnson@example.com,F,São Paulo,2024-08-15
C1325,Isabella Garcia,isabellagarcia@example.com,M,Phoenix,2024-03-26
C1326,Aria King,ariaking@example.com,F,Toronto,2022-06-01
C1327,Isabella Lee,isabellalee@example.com,M,London,2024-08-12
C1328,David Thompson,davidthompson@example.com,M,Chicago,2022-09-22
C1329,Daniel Allen,danielallen@example.com,M,Los Angeles,2024-11-27
C1330,Lucas Martin,lucasmartin@example.com,M,Chicago,2023-10-23
C1331,Amelia Thompson,ameliathompson@example.com,F,Los Angeles,2023-05-29
C1332,Charlotte Moore,charlottemoore@example.com,M,Phoenix,2024-12-28
C1333,Elijah Allen,elijahallen@example.com,M,Chicago,2022-12-17
C1334,Benjamin Williams,benjaminwilliams@example.com,M,Los Angeles,2022-04-04
C1335,Harper Wilson,harperwilson@example.com,F,New York,2024-10-16
C1336,Luna Jackson,lunajackson@example.com,F,London,2023-05-17
C1337,Henry Martin,henrymartin@example.com,F,Los Angeles,2022-05-03
C1338,Mia Lewis,mialewis@example.com,F,London,2024-08-09
C1339,Logan Perez,loganperez@example.com,M,São Paulo,2023-10-16
C1340,Emily Sanchez,emilysanchez@example.com,M,São Paulo,2024-11-20
C1341,Sophia Lee,sophialee@example.com,M,London,2022-09-08
C1342,Jacob Lewis,jacoblewis@example.com,M,Chicago,2022-07-18
C1343,Noah Jackson,noahjackson@example.com,F,Toronto,2023-05-24
C1344,Mia Lee,mialee@example.com,F,Houston,2022-11-23
C1345,Sebastian Allen,sebastianallen@example.com,F,London,2023-09-24
C1346,Sebastian Johnson,sebastianjohnson@example.com,M,Toronto,2024-11-01
C1347,Matthew Thomas,matthewthomas@example.com,M,São Paulo,2022-04-10
C1348,Noah Jackson,noahjackson@example.com,F,London,2023-08-09
C1349,Luna Smith,lunasmith@example.com,M,Toronto,2022-10-02
C1350,Harper White,harperwhite@example.com,F,São Paulo,2022-04-03
C1351,Henry Brown,henrybrown@example.com,M,São Paulo,2023-08-15
C1352,Ava Harris,avaharris@example.com,F,Phoenix,2022-09-01
C1353,Isabella Miller,isabellamiller@example.com,F,São Paulo,2023-11-26
C1354,Alexander Martinez,alexandermartinez@example.com,M,Toronto,2024-10-21
C1355,Emma Williams,emmawilliams@example.com,M,Chicago,2023-11-14
C1356,Aria King,ariaking@example.com,F,Chicago,2024-11-21
C1357,Isabella Lee,isabellalee@example.com,F,Chicago,2024-03-15
C1358,Michael Perez,michaelperez@example.com,F,Phoenix,2024-08-30
C1359,Liam White,liamwhite@example.com,F,Los Angeles,2024-05-03
C1360,Michael Johnson,michaeljohnson@example.com,F,Phoenix,2023-04-12
C1361,Noah Walker,noahwalker@example.com,M,Toronto,2022-10-30
C1362,Ethan Williams,ethanwilliams@example.com,M,Houston,2022-02-08
C1363,Grace Lee,gracelee@example.com,F,Chicago,2024-04-25
C1364,Logan Clark,loganclark@example.com,F,New York,2022-10-10
C1365,David Wilson,davidwilson@example.com,F,London,2024-12-12
C1366,Ella Lee,ellalee@example.com,M,London,2024-12-27
C1367,Benjamin Wright,benjaminwright@example.com,F,Phoenix,2024-09-18
C1368,Charlotte Thomas,charlottethomas@example.com,F,Phoenix,2023-04-06
C1369,Michael Jackson,michaeljackson@example.com,M,London,2023-10-12
C1370,Aria Thompson,ariathompson@example.com,F,Phoenix,2022-09-07
C1371,Luna Harris,lunaharris@example.com,F,São Paulo,2022-10-27
C1372,Evelyn Williams,evelynwilliams@example.com,F,Los Angeles,2023-12-11
C1373,Grace Taylor,gracetaylor@example.com,F,Houston,2023-02-18
C1374,Luna Moore,lunamoore@example.com,F,Chicago,2022-08-12
C1375,Ethan Thomas,ethanthomas@example.com,M,Houston,2023-04-22
C1376,Noah Miller,noahmiller@example.com,F,São Paulo,2024-08-25
C1377,Sophia Rodriguez,sophiarodriguez@example.com,M,Chicago,2024-04-13
C1378,Aria Walker,ariawalker@example.com,M,Phoenix,2023-10-20
C1379,Evelyn Brown,evelynbrown@example.com,M,Houston,2024-12-31
C1380,Emma Lopez,emmalopez@example.com,F,Chicago,2022-03-16
C1381,Henry Young,henryyoung@example.com,M,Phoenix,2022-03-18
C1382,Olivia Martin,oliviamartin@example.com,M,São Paulo,2023-08-06
C1383,Matthew Wright,matthewwright@example.com,F,Chicago,2024-10-29
C1384,Matthew Moore,matthewmoore@example.com,M,Los Angeles,2023-11-09
C1385,Mia Robinson,miarobinson@example.com,F,Chicago,2022-01-29
C1386,Benjamin Jackson,benjaminjackson@example.com,M,Chicago,2024-04-10
C1387,Daniel Allen,danielallen@example.com,F,Los Angeles,2024-03-31
C1388,Sophia Lopez,sophialopez@example.com,M,London,2023-10-25
C1389,Ethan Smith,ethansmith@example.com,F,Toronto,2023-04-28
C1390,Grace Moore,gracemoore@example.com,F,Phoenix,2022-01-24
C1391,Harper White,harperwhite@example.com,M,New York,2022-08-31
C1392,Matthew Martin,matthewmartin@example.com,M,Toronto,2024-10-26
C1393,Michael Davis,michaeldavis@example.com,F,São Paulo,2023-03-29
C1394,Amelia Rodriguez,ameliarodriguez@example.com,F,Chicago,2024-07-20
C1395,Alexander Clark,alexanderclark@example.com,F,Houston,2023-05-22
C1396,Elijah King,elijahking@example.com,F,São Paulo,2022-06-09
C1397,James Brown,jamesbrown@example.com,M,Chicago,2022-12-03
C1398,Abigail King,abigailking@example.com,F,Los Angeles,2023-02-25
C1399,Sebastian Garcia,sebastiangarcia@example.com,F,New York,2024-07-17
C1400,Isabella Allen,isabellaallen@example.com,F,London,2022-04-29
C1401,Matthew Martin,matthewmartin@example.com,M,Toronto,2023-06-06
C1402,Olivia Wilson,oliviawilson@example.com,M,New York,2024-05-17
C1403,Emily Jones,emilyjones@example.com,M,Los Angeles,2024-08-24
C1404,Emma Jackson,emmajackson@example.com,F,Chicago,2022-10-05
C1405,Scarlett White,scarlettwhite@example.com,F,London,2024-02-13
C1406,Ella Garcia,ellagarcia@example.com,M,São Paulo,2022-08-31
C1407,Mason Wright,masonwright@example.com,F,Chicago,2023-04-02
C1408,Olivia Johnson,oliviajohnson@example.com,F,London,2024-05-18
C1409,Luna Harris,lunaharris@example.com,M,Houston,2024-08-01
C1410,Emily Martinez,emilymartinez@example.com,F,Houston,2022-08-20
C1411,Emma Clark,emmaclark@example.com,M,Houston,2023-02-27
C1412,Ava Miller,avamiller@example.com,M,London,2022-04-10
C1413,Ethan Williams,ethanwilliams@example.com,F,London,2023-04-25
C1414,Luna Wilson,lunawilson@example.com,M,Chicago,2024-10-28
C1415,Evelyn Anderson,evelynanderson@example.com,F,São Paulo,2023-05-01
C1416,Michael Martinez,michaelmartinez@example.com,M,Toronto,2023-09-08
C1417,Jacob Brown,jacobbrown@example.com,M,Toronto,2024-10-12
C1418,Noah Thompson,noahthompson@example.com,F,São Paulo,2024-05-02
C1419,Scarlett Martinez,scarlettmartinez@example.com,F,Toronto,2023-01-12
C1420,Luna Walker,lunawalker@example.com,M,Houston,2023-09-08
C1421,Lucas Robinson,lucasrobinson@example.com,M,Toronto,2024-05-03
C1422,David Rodriguez,davidrodriguez@example.com,F,Houston,2023-06-07
C1423,Logan Perez,loganperez@example.com,M,London,2024-01-30
C1424,Elijah Wright,elijahwright@example.com,M,New York,2023-07-04
C1425,Ella Williams,ellawilliams@example.com,M,Houston,2023-03-21
C1426,Aria Wilson,ariawilson@example.com,F,Phoenix,2022-02-01
C1427,Logan Gonzalez,logangonzalez@example.com,M,London,2023-05-12
C1428,Logan Sanchez,logansanchez@example.com,M,São Paulo,2023-08-03
C1429,Ella Robinson,ellarobinson@example.com,F,Phoenix,2023-06-20
C1430,Alexander Allen,alexanderallen@example.com,F,London,2022-07-21
C1431,Aria Lee,arialee@example.com,M,São Paulo,2023-10-03
C1432,Scarlett Williams,scarlettwilliams@example.com,M,Chicago,2022-02-03
C1433,Harper Clark,harperclark@example.com,F,Chicago,2023-02-06
C1434,Benjamin Anderson,benjaminanderson@example.com,F,Houston,2024-10-19
C1435,Benjamin Taylor,benjamintaylor@example.com,F,London,2024-08-01
C1436,Mia Thompson,miathompson@example.com,M,Chicago,2024-09-27
C1437,Mason Wright,masonwright@example.com,M,New York,2022-06-02
C1438,Noah Smith,noahsmith@example.com,F,Chicago,2023-04-19
C1439,Ava Martinez,avamartinez@example.com,M,Houston,2024-11-01
C1440,Matthew White,matthewwhite@example.com,M,London,2024-09-26
C1441,Liam Smith,liamsmith@example.com,F,New York,2022-02-04
C1442,David Moore,davidmoore@example.com,F,New York,2024-10-25
C1443,Daniel Lopez,daniellopez@example.com,M,Los Angeles,2024-12-09
C1444,Lucas Thomas,lucasthomas@example.com,M,Phoenix,2023-12-27
C1445,Jacob Sanchez,jacobsanchez@example.com,M,São Paulo,2024-04-11
C1446,Matthew Thomas,matthewthomas@example.com,M,Phoenix,2022-06-15
C1447,Emma Garcia,emmagarcia@example.com,F,Toronto,2024-02-12
C1448,Aria Brown,ariabrown@example.com,M,Chicago,2022-06-19
C1449,Sebastian Ramirez,sebastianramirez@example.com,F,Los Angeles,2024-12-17
C1450,Emma Anderson,emmaanderson@example.com,M,London,2023-07-10
C1451,Emma Jones,emmajones@example.com,F,New York,2023-01-03
C1452,Abigail Johnson,abigailjohnson@example.com,M,Chicago,2024-03-26
C1453,Ava Martin,avamartin@example.com,M,Houston,2024-03-07
C1454,Luna Perez,lunaperez@example.com,F,Chicago,2022-06-10
C1455,Chloe Thompson,chloethompson@example.com,M,Los Angeles,2024-06-14
C1456,Amelia Jones,ameliajones@example.com,F,Toronto,2023-10-31
C1457,Liam Moore,liammoore@example.com,F,London,2023-04-13
C1458,Emily Harris,emilyharris@example.com,F,Chicago,2024-02-18
C1459,Elijah Jackson,elijahjackson@example.com,M,Los Angeles,2022-06-18
C1460,Jacob Martinez,jacobmartinez@example.com,F,Chicago,2024-03-08
C1461,Abigail White,abigailwhite@example.com,M,Los Angeles,2022-01-11
C1462,Michael Lewis,michaellewis@example.com,F,Phoenix,2022-07-29
C1463,Isabella Garcia,isabellagarcia@example.com,M,Toronto,2024-07-08
C1464,Chloe Clark,chloeclark@example.com,M,New York,2022-07-03
C1465,Emily Garcia,emilygarcia@example.com,F,Toronto,2022-01-26
C1466,Evelyn Clark,evelynclark@example.com,F,Los Angeles,2023-05-13
C1467,David Hernandez,davidhernandez@example.com,F,Chicago,2022-10-12
C1468,Jacob Martin,jacobmartin@example.com,F,London,2022-10-26
C1469,Ava Hernandez,avahernandez@example.com,F,Phoenix,2024-05-12
C1470,Michael Walker,michaelwalker@example.com,M,São Paulo,2023-05-31
C1471,Ethan Young,ethanyoung@example.com,M,London,2022-08-08
C1472,Isabella Martin,isabellamartin@example.com,M,Toronto,2023-11-12
C1473,Ella Perez,ellaperez@example.com,F,São Paulo,2024-05-31
C1474,Isabella Martin,isabellamartin@example.com,F,Houston,2024-09-08
C1475,Abigail Lopez,abigaillopez@example.com,F,São Paulo,2023-08-20
C1476,Sebastian Thomas,sebastianthomas@example.com,F,Toronto,2023-07-29
C1477,Henry White,henrywhite@example.com,M,Houston,2023-01-04
C1478,Liam Robinson,liamrobinson@example.com,M,London,2023-08-20
C1479,Ava Clark,avaclark@example.com,F,Chicago,2023-09-13
C1480,Ethan Taylor,ethantaylor@example.com,M,Toronto,2024-02-12
C1481,Ava Lewis,avalewis@example.com,F,Toronto,2024-12-30
C1482,Chloe Clark,chloeclark@example.com,M,São Paulo,2022-06-24
C1483,Sophia Thomas,sophiathomas@example.com,F,Chicago,2022-04-01
C1484,Henry Perez,henryperez@example.com,F,Los Angeles,2022-01-22
C1485,Sophia Taylor,sophiataylor@example.com,M,Houston,2024-07-01
C1486,Alexander Sanchez,alexandersanchez@example.com,F,Chicago,2023-12-08
C1487,Liam Walker,liamwalker@example.com,M,Phoenix,2024-05-01
C1488,Elijah Davis,elijahdavis@example.com,M,São Paulo,2023-10-01
C1489,Benjamin Robinson,benjaminrobinson@example.com,M,London,2023-12-15
C1490,Aria Miller,ariamiller@example.com,F,London,2023-10-16
C1491,Ava Martin,avamartin@example.com,M,Los Angeles,2022-02-16
C1492,Benjamin Miller,benjaminmiller@example.com,M,Houston,2024-11-22
C1493,Mason Hernandez,masonhernandez@example.com,F,Toronto,2024-08-04
C1494,Amelia Sanchez,ameliasanchez@example.com,M,Chicago,2024-06-04
C1495,Henry Johnson,henryjohnson@example.com,M,London,2024-05-29
C1496,Ella Smith,ellasmith@example.com,M,Houston,2023-07-25
C1497,Ava Miller,avamiller@example.com,M,São Paulo,2023-10-30
C1498,Charlotte Robinson,charlotterobinson@example.com,M,Phoenix,2024-09-29
C1499,David Lee,davidlee@example.com,F,Toronto,2022-08-22
C1500,Emily Thompson,emilythompson@example.com,F,Chicago,2023-09-02
