﻿delivery_id,order_id,delivery_status,delivery_date
OD-1,F-1,Cancelled,2024-02-03
OD-2,F-2,Delivered,2023-07-06
OD-3,F-3,In Transit,2024-01-05
OD-4,F-4,In Transit,2023-03-06
OD-5,F-5,Cancelled,2024-12-22
OD-6,F-6,Shipped,2024-05-21
OD-7,F-7,In Transit,2023-01-26
OD-8,F-8,Cancelled,2023-03-05
OD-9,F-9,Delivered,2024-01-24
OD-10,F-10,Cancelled,2024-04-02
OD-11,F-11,In Transit,2024-08-30
OD-12,F-12,Cancelled,2024-08-13
OD-13,F-13,Delivered,2023-08-19
OD-14,F-14,Returned,2023-12-01
OD-15,F-15,Shipped,2024-12-12
OD-16,F-16,Cancelled,2023-06-27
OD-17,F-17,Delivered,2024-08-16
OD-18,F-18,Shipped,2023-03-21
OD-19,F-19,Returned,2023-12-15
OD-20,F-20,In Transit,2024-03-25
OD-21,F-21,Shipped,2024-07-12
OD-22,F-22,Shipped,2024-05-25
OD-23,F-23,In Transit,2024-09-11
OD-24,F-24,Delivered,2023-05-08
OD-25,F-25,Returned,2023-07-13
OD-26,F-26,Shipped,2023-10-01
OD-27,F-27,Cancelled,2024-03-07
OD-28,F-28,Shipped,2024-05-07
OD-29,F-29,Returned,2023-02-08
OD-30,F-30,In Transit,2023-07-25
OD-31,F-31,Returned,2024-09-04
OD-32,F-32,Returned,2023-10-20
OD-33,F-33,Cancelled,2024-08-06
OD-34,F-34,Returned,2024-07-10
OD-35,F-35,Returned,2023-06-28
OD-36,F-36,Shipped,2023-09-08
OD-37,F-37,In Transit,2023-11-20
OD-38,F-38,Returned,2023-11-30
OD-39,F-39,In Transit,2024-05-21
OD-40,F-40,In Transit,2024-02-22
OD-41,F-41,Delivered,2023-09-18
OD-42,F-42,Returned,2024-02-18
OD-43,F-43,Shipped,2024-08-29
OD-44,F-44,In Transit,2023-06-21
OD-45,F-45,In Transit,2024-03-04
OD-46,F-46,Returned,2023-08-24
OD-47,F-47,Cancelled,2024-04-25
OD-48,F-48,Shipped,2024-06-13
OD-49,F-49,In Transit,2024-10-23
OD-50,F-50,Shipped,2023-03-04
OD-51,F-51,Delivered,2024-03-09
OD-52,F-52,Delivered,2024-07-11
OD-53,F-53,Delivered,2024-07-29
OD-54,F-54,In Transit,2023-07-14
OD-55,F-55,Shipped,2023-12-15
OD-56,F-56,In Transit,2024-08-29
OD-57,F-57,In Transit,2024-01-30
OD-58,F-58,Returned,2024-08-09
OD-59,F-59,In Transit,2024-10-16
OD-60,F-60,Returned,2023-04-09
OD-61,F-61,Delivered,2023-02-10
OD-62,F-62,Delivered,2023-01-24
OD-63,F-63,Delivered,2024-06-01
OD-64,F-64,Delivered,2024-06-20
OD-65,F-65,In Transit,2023-07-14
OD-66,F-66,Shipped,2023-01-30
OD-67,F-67,Shipped,2024-07-04
OD-68,F-68,In Transit,2024-04-08
OD-69,F-69,Delivered,2023-01-20
OD-70,F-70,Shipped,2024-03-10
OD-71,F-71,Returned,2024-09-22
OD-72,F-72,In Transit,2024-05-30
OD-73,F-73,Cancelled,2023-04-27
OD-74,F-74,Returned,2023-09-26
OD-75,F-75,Shipped,2023-02-18
OD-76,F-76,Delivered,2023-01-17
OD-77,F-77,Shipped,2023-10-06
OD-78,F-78,In Transit,2023-10-14
OD-79,F-79,In Transit,2023-03-11
OD-80,F-80,Returned,2024-09-27
OD-81,F-81,Cancelled,2023-02-19
OD-82,F-82,Cancelled,2024-08-11
OD-83,F-83,Cancelled,2024-03-23
OD-84,F-84,In Transit,2023-01-21
OD-85,F-85,In Transit,2023-09-14
OD-86,F-86,Returned,2023-09-01
OD-87,F-87,Cancelled,2024-11-02
OD-88,F-88,Delivered,2024-09-19
OD-89,F-89,Returned,2024-04-17
OD-90,F-90,Cancelled,2023-08-26
OD-91,F-91,Delivered,2023-06-21
OD-92,F-92,Shipped,2024-02-14
OD-93,F-93,Cancelled,2024-11-28
OD-94,F-94,Cancelled,2023-01-14
OD-95,F-95,Returned,2024-12-12
OD-96,F-96,Returned,2024-06-06
OD-97,F-97,Delivered,2024-04-18
OD-98,F-98,In Transit,2024-10-16
OD-99,F-99,Delivered,2024-06-02
OD-100,F-100,Shipped,2024-11-22
OD-101,F-101,In Transit,2023-06-04
OD-102,F-102,Cancelled,2023-06-04
OD-103,F-103,Returned,2023-04-25
OD-104,F-104,Delivered,2023-10-30
OD-105,F-105,Delivered,2023-09-20
OD-106,F-106,Returned,2024-09-15
OD-107,F-107,Shipped,2023-07-19
OD-108,F-108,Delivered,2023-05-16
OD-109,F-109,Returned,2023-02-16
OD-110,F-110,Shipped,2023-03-26
OD-111,F-111,In Transit,2024-07-15
OD-112,F-112,Shipped,2023-11-07
OD-113,F-113,Delivered,2023-09-06
OD-114,F-114,Cancelled,2024-02-02
OD-115,F-115,Delivered,2024-06-09
OD-116,F-116,In Transit,2023-06-26
OD-117,F-117,In Transit,2023-08-02
OD-118,F-118,Cancelled,2023-02-14
OD-119,F-119,Delivered,2023-09-30
OD-120,F-120,Shipped,2024-07-03
OD-121,F-121,Returned,2023-11-02
OD-122,F-122,Cancelled,2024-05-08
OD-123,F-123,Cancelled,2023-11-12
OD-124,F-124,In Transit,2024-08-15
OD-125,F-125,In Transit,2023-12-23
OD-126,F-126,Returned,2023-07-28
OD-127,F-127,Delivered,2024-11-27
OD-128,F-128,Delivered,2023-09-03
OD-129,F-129,Delivered,2024-11-13
OD-130,F-130,Delivered,2023-11-23
OD-131,F-131,Cancelled,2024-05-15
OD-132,F-132,In Transit,2023-04-04
OD-133,F-133,Cancelled,2023-03-28
OD-134,F-134,Delivered,2023-09-28
OD-135,F-135,Delivered,2024-09-03
OD-136,F-136,In Transit,2024-09-29
OD-137,F-137,Shipped,2024-11-13
OD-138,F-138,Cancelled,2023-03-11
OD-139,F-139,Shipped,2024-05-02
OD-140,F-140,Returned,2023-10-16
OD-141,F-141,Returned,2024-06-23
OD-142,F-142,In Transit,2024-05-23
OD-143,F-143,Delivered,2024-06-14
OD-144,F-144,Returned,2024-11-10
OD-145,F-145,In Transit,2024-08-29
OD-146,F-146,Shipped,2023-06-18
OD-147,F-147,Shipped,2024-06-19
OD-148,F-148,Cancelled,2024-05-12
OD-149,F-149,Cancelled,2024-11-15
OD-150,F-150,Cancelled,2024-02-09
OD-151,F-151,Cancelled,2024-09-22
OD-152,F-152,Cancelled,2024-11-14
OD-153,F-153,Delivered,2024-12-23
OD-154,F-154,Returned,2024-12-20
OD-155,F-155,In Transit,2023-10-24
OD-156,F-156,In Transit,2024-08-22
OD-157,F-157,Cancelled,2024-01-12
OD-158,F-158,Cancelled,2023-10-20
OD-159,F-159,Returned,2024-07-29
OD-160,F-160,In Transit,2023-05-05
OD-161,F-161,Returned,2024-07-21
OD-162,F-162,Shipped,2023-06-01
OD-163,F-163,Delivered,2024-09-25
OD-164,F-164,Delivered,2023-07-09
OD-165,F-165,Delivered,2024-06-08
OD-166,F-166,Returned,2023-04-07
OD-167,F-167,Cancelled,2024-12-31
OD-168,F-168,Cancelled,2023-08-28
OD-169,F-169,Shipped,2024-06-09
OD-170,F-170,Cancelled,2024-07-12
OD-171,F-171,Shipped,2023-12-23
OD-172,F-172,Cancelled,2023-08-21
OD-173,F-173,Cancelled,2023-09-15
OD-174,F-174,In Transit,2024-01-02
OD-175,F-175,Cancelled,2023-09-10
OD-176,F-176,Cancelled,2023-05-05
OD-177,F-177,In Transit,2024-01-25
OD-178,F-178,Cancelled,2023-10-16
OD-179,F-179,Shipped,2023-02-12
OD-180,F-180,Cancelled,2024-12-14
OD-181,F-181,Returned,2023-09-29
OD-182,F-182,Delivered,2023-07-15
OD-183,F-183,Delivered,2023-07-07
OD-184,F-184,Shipped,2024-02-04
OD-185,F-185,Delivered,2024-10-16
OD-186,F-186,In Transit,2023-02-20
OD-187,F-187,Delivered,2023-04-16
OD-188,F-188,Cancelled,2023-12-24
OD-189,F-189,Shipped,2023-07-07
OD-190,F-190,Cancelled,2024-10-16
OD-191,F-191,Delivered,2023-03-30
OD-192,F-192,Returned,2024-02-19
OD-193,F-193,In Transit,2023-05-14
OD-194,F-194,Shipped,2024-05-09
OD-195,F-195,Returned,2023-04-03
OD-196,F-196,Returned,2023-07-01
OD-197,F-197,Cancelled,2023-10-15
OD-198,F-198,In Transit,2024-07-10
OD-199,F-199,Shipped,2024-01-12
OD-200,F-200,Returned,2023-12-28
OD-201,F-201,Delivered,2023-11-06
OD-202,F-202,In Transit,2024-03-31
OD-203,F-203,Cancelled,2023-09-09
OD-204,F-204,Cancelled,2023-03-21
OD-205,F-205,Cancelled,2024-05-20
OD-206,F-206,In Transit,2023-10-18
OD-207,F-207,Returned,2023-08-18
OD-208,F-208,Cancelled,2023-03-27
OD-209,F-209,Returned,2024-02-03
OD-210,F-210,Returned,2024-04-25
OD-211,F-211,Returned,2023-06-18
OD-212,F-212,Delivered,2023-03-03
OD-213,F-213,Shipped,2024-08-23
OD-214,F-214,In Transit,2024-12-10
OD-215,F-215,Shipped,2023-12-23
OD-216,F-216,Shipped,2024-07-30
OD-217,F-217,Cancelled,2023-05-27
OD-218,F-218,Returned,2023-07-21
OD-219,F-219,Delivered,2024-07-30
OD-220,F-220,Shipped,2024-04-13
OD-221,F-221,Returned,2024-10-07
OD-222,F-222,Delivered,2024-07-26
OD-223,F-223,Shipped,2023-03-14
OD-224,F-224,Cancelled,2023-04-21
OD-225,F-225,In Transit,2023-02-22
OD-226,F-226,Shipped,2024-05-01
OD-227,F-227,Cancelled,2023-02-16
OD-228,F-228,Cancelled,2024-07-02
OD-229,F-229,Shipped,2023-04-27
OD-230,F-230,Cancelled,2024-02-26
OD-231,F-231,Delivered,2024-07-25
OD-232,F-232,Returned,2023-08-15
OD-233,F-233,Shipped,2023-02-11
OD-234,F-234,Cancelled,2023-11-29
OD-235,F-235,In Transit,2023-06-12
OD-236,F-236,Cancelled,2023-09-16
OD-237,F-237,Cancelled,2023-03-30
OD-238,F-238,Shipped,2024-10-22
OD-239,F-239,Cancelled,2024-03-25
OD-240,F-240,Cancelled,2024-10-16
OD-241,F-241,Cancelled,2024-12-24
OD-242,F-242,Delivered,2024-03-22
OD-243,F-243,Cancelled,2023-02-28
OD-244,F-244,Cancelled,2023-05-27
OD-245,F-245,Delivered,2024-06-28
OD-246,F-246,Delivered,2023-05-01
OD-247,F-247,Returned,2023-11-13
OD-248,F-248,Shipped,2023-07-27
OD-249,F-249,Returned,2023-10-28
OD-250,F-250,Returned,2024-07-14
OD-251,F-251,In Transit,2024-12-22
OD-252,F-252,Returned,2024-09-27
OD-253,F-253,Returned,2024-01-09
OD-254,F-254,In Transit,2023-11-24
OD-255,F-255,Returned,2025-01-06
OD-256,F-256,Cancelled,2023-12-27
OD-257,F-257,Delivered,2023-10-01
OD-258,F-258,Cancelled,2024-11-13
OD-259,F-259,Cancelled,2024-03-09
OD-260,F-260,Delivered,2023-08-04
OD-261,F-261,Delivered,2023-05-23
OD-262,F-262,Delivered,2023-05-04
OD-263,F-263,In Transit,2023-11-11
OD-264,F-264,In Transit,2024-09-23
OD-265,F-265,In Transit,2024-12-12
OD-266,F-266,Shipped,2023-05-29
OD-267,F-267,Returned,2023-08-20
OD-268,F-268,Shipped,2023-12-07
OD-269,F-269,Shipped,2023-11-27
OD-270,F-270,Returned,2023-09-19
OD-271,F-271,Returned,2023-07-20
OD-272,F-272,Shipped,2023-03-06
OD-273,F-273,Returned,2024-08-29
OD-274,F-274,Delivered,2025-01-05
OD-275,F-275,Shipped,2023-06-24
OD-276,F-276,Returned,2024-06-17
OD-277,F-277,Shipped,2024-08-06
OD-278,F-278,In Transit,2024-04-05
OD-279,F-279,Shipped,2023-01-23
OD-280,F-280,Returned,2023-08-19
OD-281,F-281,In Transit,2023-09-10
OD-282,F-282,Shipped,2023-02-14
OD-283,F-283,Cancelled,2023-06-24
OD-284,F-284,Returned,2023-11-06
OD-285,F-285,Cancelled,2024-05-04
OD-286,F-286,Cancelled,2023-08-12
OD-287,F-287,Cancelled,2024-03-23
OD-288,F-288,In Transit,2024-09-30
OD-289,F-289,Shipped,2023-11-03
OD-290,F-290,In Transit,2024-03-10
OD-291,F-291,Cancelled,2023-10-22
OD-292,F-292,In Transit,2023-05-01
OD-293,F-293,In Transit,2024-05-14
OD-294,F-294,Cancelled,2023-12-12
OD-295,F-295,Delivered,2023-11-27
OD-296,F-296,In Transit,2023-02-09
OD-297,F-297,Shipped,2023-11-20
OD-298,F-298,Shipped,2024-04-11
OD-299,F-299,Cancelled,2023-08-04
OD-300,F-300,Cancelled,2024-06-23
OD-301,F-301,Delivered,2023-02-09
OD-302,F-302,Cancelled,2023-04-03
OD-303,F-303,In Transit,2023-01-31
OD-304,F-304,In Transit,2023-11-27
OD-305,F-305,Delivered,2024-08-06
OD-306,F-306,Cancelled,2023-10-24
OD-307,F-307,Returned,2023-02-24
OD-308,F-308,Delivered,2023-07-10
OD-309,F-309,Shipped,2024-11-21
OD-310,F-310,In Transit,2024-05-03
OD-311,F-311,Returned,2023-09-29
OD-312,F-312,Delivered,2023-05-02
OD-313,F-313,Cancelled,2023-04-23
OD-314,F-314,Cancelled,2024-07-04
OD-315,F-315,Cancelled,2024-02-06
OD-316,F-316,Shipped,2023-09-08
OD-317,F-317,Returned,2024-07-28
OD-318,F-318,In Transit,2024-09-05
OD-319,F-319,Cancelled,2024-10-22
OD-320,F-320,Cancelled,2024-04-08
OD-321,F-321,Returned,2024-03-31
OD-322,F-322,Cancelled,2023-03-07
OD-323,F-323,Returned,2023-10-23
OD-324,F-324,Returned,2023-08-15
OD-325,F-325,Shipped,2023-06-11
OD-326,F-326,In Transit,2024-05-16
OD-327,F-327,Cancelled,2024-12-22
OD-328,F-328,Cancelled,2024-01-31
OD-329,F-329,Shipped,2025-01-01
OD-330,F-330,Cancelled,2023-04-30
OD-331,F-331,Returned,2023-10-19
OD-332,F-332,Delivered,2023-03-23
OD-333,F-333,Delivered,2024-04-17
OD-334,F-334,Shipped,2023-10-30
OD-335,F-335,Delivered,2024-08-11
OD-336,F-336,Delivered,2023-03-26
OD-337,F-337,In Transit,2023-07-05
OD-338,F-338,Shipped,2024-05-18
OD-339,F-339,In Transit,2024-05-31
OD-340,F-340,In Transit,2023-02-27
OD-341,F-341,Delivered,2024-05-11
OD-342,F-342,Delivered,2023-01-21
OD-343,F-343,Delivered,2023-04-16
OD-344,F-344,Cancelled,2023-09-24
OD-345,F-345,Shipped,2023-11-20
OD-346,F-346,In Transit,2024-12-08
OD-347,F-347,Shipped,2023-03-03
OD-348,F-348,In Transit,2024-01-23
OD-349,F-349,Delivered,2023-03-27
OD-350,F-350,Delivered,2023-10-13
OD-351,F-351,In Transit,2024-04-04
OD-352,F-352,Delivered,2024-07-16
OD-353,F-353,In Transit,2024-08-17
OD-354,F-354,Cancelled,2024-11-19
OD-355,F-355,In Transit,2024-05-27
OD-356,F-356,Delivered,2024-05-15
OD-357,F-357,Returned,2023-04-06
OD-358,F-358,Delivered,2023-08-01
OD-359,F-359,In Transit,2024-10-12
OD-360,F-360,Delivered,2024-09-09
OD-361,F-361,Returned,2023-01-19
OD-362,F-362,Shipped,2024-11-19
OD-363,F-363,In Transit,2024-11-05
OD-364,F-364,Shipped,2023-11-14
OD-365,F-365,Returned,2023-08-21
OD-366,F-366,Cancelled,2024-08-14
OD-367,F-367,Cancelled,2023-10-15
OD-368,F-368,Shipped,2023-02-15
OD-369,F-369,Returned,2023-01-16
OD-370,F-370,In Transit,2024-10-22
OD-371,F-371,Delivered,2023-07-10
OD-372,F-372,Cancelled,2023-07-23
OD-373,F-373,In Transit,2024-10-06
OD-374,F-374,Delivered,2024-05-26
OD-375,F-375,Shipped,2023-12-11
OD-376,F-376,Shipped,2023-07-10
OD-377,F-377,Delivered,2024-04-05
OD-378,F-378,Returned,2023-08-27
OD-379,F-379,In Transit,2024-08-26
OD-380,F-380,Delivered,2024-02-08
OD-381,F-381,Returned,2024-12-12
OD-382,F-382,Cancelled,2023-12-22
OD-383,F-383,Cancelled,2023-04-04
OD-384,F-384,Delivered,2023-01-20
OD-385,F-385,Shipped,2023-06-04
OD-386,F-386,Shipped,2024-06-09
OD-387,F-387,In Transit,2024-07-30
OD-388,F-388,Returned,2023-04-07
OD-389,F-389,In Transit,2023-02-02
OD-390,F-390,Delivered,2024-04-28
OD-391,F-391,Cancelled,2023-10-07
OD-392,F-392,Delivered,2024-06-19
OD-393,F-393,In Transit,2024-01-21
OD-394,F-394,Delivered,2024-07-11
OD-395,F-395,Delivered,2024-12-04
OD-396,F-396,Cancelled,2023-05-15
OD-397,F-397,Shipped,2023-03-12
OD-398,F-398,Returned,2023-03-24
OD-399,F-399,Delivered,2024-10-13
OD-400,F-400,Cancelled,2023-01-27
OD-401,F-401,Delivered,2023-12-27
OD-402,F-402,Shipped,2023-07-01
OD-403,F-403,In Transit,2023-06-24
OD-404,F-404,Cancelled,2023-06-14
OD-405,F-405,Delivered,2023-07-15
OD-406,F-406,Returned,2023-06-24
OD-407,F-407,Returned,2023-11-30
OD-408,F-408,Shipped,2024-08-17
OD-409,F-409,Cancelled,2023-05-31
OD-410,F-410,In Transit,2023-04-15
OD-411,F-411,Cancelled,2023-07-23
OD-412,F-412,Returned,2024-09-16
OD-413,F-413,Delivered,2024-01-21
OD-414,F-414,Returned,2023-04-08
OD-415,F-415,In Transit,2024-03-14
OD-416,F-416,Shipped,2023-12-13
OD-417,F-417,In Transit,2024-03-05
OD-418,F-418,Returned,2024-05-23
OD-419,F-419,Shipped,2023-02-06
OD-420,F-420,Shipped,2024-03-05
OD-421,F-421,Returned,2024-09-11
OD-422,F-422,In Transit,2024-01-24
OD-423,F-423,Delivered,2024-04-23
OD-424,F-424,In Transit,2023-03-01
OD-425,F-425,Delivered,2023-04-14
OD-426,F-426,Shipped,2024-01-11
OD-427,F-427,In Transit,2024-05-14
OD-428,F-428,Returned,2024-08-03
OD-429,F-429,Returned,2023-01-22
OD-430,F-430,In Transit,2023-12-20
OD-431,F-431,Shipped,2024-12-09
OD-432,F-432,In Transit,2023-03-23
OD-433,F-433,Shipped,2024-06-15
OD-434,F-434,In Transit,2023-04-14
OD-435,F-435,In Transit,2023-06-06
OD-436,F-436,Cancelled,2024-09-22
OD-437,F-437,In Transit,2023-07-19
OD-438,F-438,Shipped,2024-05-10
OD-439,F-439,Delivered,2024-03-13
OD-440,F-440,Shipped,2023-05-30
OD-441,F-441,In Transit,2024-02-08
OD-442,F-442,In Transit,2023-07-20
OD-443,F-443,In Transit,2024-11-22
OD-444,F-444,In Transit,2023-04-22
OD-445,F-445,Returned,2023-09-02
OD-446,F-446,Shipped,2024-02-28
OD-447,F-447,Returned,2023-08-28
OD-448,F-448,Cancelled,2024-02-02
OD-449,F-449,Delivered,2024-11-12
OD-450,F-450,Returned,2023-09-27
OD-451,F-451,Shipped,2024-04-14
OD-452,F-452,Returned,2023-11-13
OD-453,F-453,Cancelled,2024-12-01
OD-454,F-454,Delivered,2024-02-12
OD-455,F-455,Delivered,2023-02-18
OD-456,F-456,In Transit,2024-01-06
OD-457,F-457,In Transit,2024-12-12
OD-458,F-458,Shipped,2024-04-22
OD-459,F-459,Returned,2023-11-24
OD-460,F-460,Cancelled,2023-12-15
OD-461,F-461,In Transit,2023-08-05
OD-462,F-462,Cancelled,2024-08-13
OD-463,F-463,Delivered,2024-06-30
OD-464,F-464,Delivered,2024-11-18
OD-465,F-465,In Transit,2024-07-23
OD-466,F-466,Cancelled,2024-04-25
OD-467,F-467,Returned,2023-09-12
OD-468,F-468,In Transit,2024-10-17
OD-469,F-469,In Transit,2024-02-22
OD-470,F-470,In Transit,2024-05-14
OD-471,F-471,Returned,2023-09-24
OD-472,F-472,Delivered,2023-11-26
OD-473,F-473,Cancelled,2024-02-21
OD-474,F-474,Delivered,2023-09-18
OD-475,F-475,Shipped,2024-02-08
OD-476,F-476,Cancelled,2024-04-04
OD-477,F-477,In Transit,2023-11-27
OD-478,F-478,In Transit,2023-11-14
OD-479,F-479,In Transit,2024-10-26
OD-480,F-480,In Transit,2024-02-13
OD-481,F-481,Delivered,2024-10-10
OD-482,F-482,Shipped,2024-05-26
OD-483,F-483,Shipped,2024-06-11
OD-484,F-484,Returned,2023-07-10
OD-485,F-485,In Transit,2024-08-22
OD-486,F-486,In Transit,2023-11-30
OD-487,F-487,Returned,2023-10-20
OD-488,F-488,Returned,2023-08-21
OD-489,F-489,Shipped,2023-02-24
OD-490,F-490,Returned,2023-05-10
OD-491,F-491,In Transit,2023-07-23
OD-492,F-492,In Transit,2023-08-17
OD-493,F-493,Delivered,2023-10-30
OD-494,F-494,In Transit,2023-04-06
OD-495,F-495,Delivered,2024-09-05
OD-496,F-496,Delivered,2024-09-14
OD-497,F-497,Delivered,2024-02-13
OD-498,F-498,Delivered,2024-04-28
OD-499,F-499,Delivered,2024-06-01
OD-500,F-500,Returned,2024-06-20
OD-501,F-501,In Transit,2024-11-06
OD-502,F-502,Returned,2023-06-19
OD-503,F-503,Delivered,2024-05-14
OD-504,F-504,Cancelled,2023-07-09
OD-505,F-505,Returned,2024-08-12
OD-506,F-506,Delivered,2023-02-04
OD-507,F-507,Returned,2023-12-07
OD-508,F-508,Delivered,2024-11-13
OD-509,F-509,Shipped,2023-05-20
OD-510,F-510,Returned,2024-01-31
OD-511,F-511,Shipped,2023-06-20
OD-512,F-512,Cancelled,2023-11-21
OD-513,F-513,Returned,2024-05-05
OD-514,F-514,In Transit,2024-03-29
OD-515,F-515,Returned,2024-05-28
OD-516,F-516,Cancelled,2023-11-09
OD-517,F-517,Returned,2024-07-28
OD-518,F-518,Shipped,2024-08-15
OD-519,F-519,Returned,2023-07-06
OD-520,F-520,Delivered,2024-08-30
OD-521,F-521,Returned,2023-08-08
OD-522,F-522,Returned,2023-05-09
OD-523,F-523,Delivered,2024-09-16
OD-524,F-524,In Transit,2023-07-17
OD-525,F-525,Delivered,2023-09-08
OD-526,F-526,Returned,2024-03-17
OD-527,F-527,Delivered,2024-08-24
OD-528,F-528,Returned,2024-03-20
OD-529,F-529,Shipped,2024-09-28
OD-530,F-530,Shipped,2023-03-16
OD-531,F-531,Delivered,2023-12-26
OD-532,F-532,In Transit,2024-04-02
OD-533,F-533,In Transit,2024-02-13
OD-534,F-534,Cancelled,2023-04-03
OD-535,F-535,Delivered,2024-05-22
OD-536,F-536,Delivered,2023-06-15
OD-537,F-537,Delivered,2023-05-11
OD-538,F-538,Returned,2023-10-03
OD-539,F-539,Shipped,2023-05-04
OD-540,F-540,Returned,2023-05-07
OD-541,F-541,Shipped,2023-04-16
OD-542,F-542,Delivered,2023-01-14
OD-543,F-543,Cancelled,2024-01-21
OD-544,F-544,Delivered,2024-03-25
OD-545,F-545,Delivered,2023-01-18
OD-546,F-546,Cancelled,2024-03-24
OD-547,F-547,Cancelled,2024-11-15
OD-548,F-548,Cancelled,2023-11-28
OD-549,F-549,Returned,2024-04-08
OD-550,F-550,Cancelled,2023-04-01
OD-551,F-551,Shipped,2023-04-10
OD-552,F-552,Cancelled,2024-09-06
OD-553,F-553,Returned,2023-09-26
OD-554,F-554,Delivered,2024-04-16
OD-555,F-555,Delivered,2024-08-12
OD-556,F-556,Shipped,2024-01-13
OD-557,F-557,Returned,2024-05-12
OD-558,F-558,Returned,2024-02-18
OD-559,F-559,Cancelled,2023-06-01
OD-560,F-560,Delivered,2023-08-16
OD-561,F-561,Cancelled,2024-02-25
OD-562,F-562,In Transit,2024-01-23
OD-563,F-563,Shipped,2023-11-11
OD-564,F-564,Returned,2024-03-10
OD-565,F-565,Returned,2023-05-25
OD-566,F-566,In Transit,2023-04-10
OD-567,F-567,Shipped,2023-02-20
OD-568,F-568,Shipped,2025-01-04
OD-569,F-569,Cancelled,2024-08-22
OD-570,F-570,In Transit,2024-07-03
OD-571,F-571,Cancelled,2024-04-07
OD-572,F-572,Delivered,2023-12-25
OD-573,F-573,Delivered,2023-04-16
OD-574,F-574,Shipped,2024-02-26
OD-575,F-575,Returned,2023-04-18
OD-576,F-576,Cancelled,2023-03-04
OD-577,F-577,Returned,2023-10-06
OD-578,F-578,Cancelled,2023-01-25
OD-579,F-579,Delivered,2024-08-08
OD-580,F-580,Shipped,2024-07-06
OD-581,F-581,Cancelled,2023-10-30
OD-582,F-582,In Transit,2023-12-28
OD-583,F-583,Cancelled,2023-11-08
OD-584,F-584,Delivered,2023-08-11
OD-585,F-585,In Transit,2023-10-14
OD-586,F-586,Shipped,2023-01-26
OD-587,F-587,Cancelled,2024-03-07
OD-588,F-588,Delivered,2024-10-31
OD-589,F-589,Returned,2024-01-05
OD-590,F-590,In Transit,2023-01-17
OD-591,F-591,Shipped,2023-11-14
OD-592,F-592,Shipped,2025-01-01
OD-593,F-593,Cancelled,2024-05-23
OD-594,F-594,Shipped,2023-09-28
OD-595,F-595,Returned,2024-07-01
OD-596,F-596,Shipped,2023-03-01
OD-597,F-597,Delivered,2024-01-08
OD-598,F-598,Cancelled,2023-11-23
OD-599,F-599,In Transit,2024-12-12
OD-600,F-600,Cancelled,2024-10-04
OD-601,F-601,Shipped,2023-09-21
OD-602,F-602,Cancelled,2023-03-25
OD-603,F-603,Shipped,2023-02-08
OD-604,F-604,Shipped,2023-11-08
OD-605,F-605,Cancelled,2024-02-21
OD-606,F-606,Delivered,2024-04-12
OD-607,F-607,Shipped,2024-04-12
OD-608,F-608,Delivered,2024-09-09
OD-609,F-609,Shipped,2024-09-29
OD-610,F-610,Returned,2024-06-13
OD-611,F-611,In Transit,2024-01-15
OD-612,F-612,Shipped,2023-03-02
OD-613,F-613,Cancelled,2024-12-19
OD-614,F-614,In Transit,2023-04-27
OD-615,F-615,Returned,2024-12-15
OD-616,F-616,Shipped,2024-01-27
OD-617,F-617,Shipped,2023-05-05
OD-618,F-618,Delivered,2023-10-22
OD-619,F-619,Shipped,2023-07-23
OD-620,F-620,Returned,2024-11-07
OD-621,F-621,Shipped,2024-11-10
OD-622,F-622,Cancelled,2023-07-21
OD-623,F-623,Delivered,2023-02-21
OD-624,F-624,Shipped,2023-05-15
OD-625,F-625,Delivered,2024-10-01
OD-626,F-626,Returned,2023-12-05
OD-627,F-627,In Transit,2024-08-29
OD-628,F-628,Cancelled,2024-01-28
OD-629,F-629,Returned,2023-11-01
OD-630,F-630,Delivered,2024-04-15
OD-631,F-631,Shipped,2024-04-04
OD-632,F-632,Shipped,2024-07-16
OD-633,F-633,Delivered,2023-07-31
OD-634,F-634,Delivered,2023-10-19
OD-635,F-635,Cancelled,2023-12-30
OD-636,F-636,In Transit,2024-02-21
OD-637,F-637,In Transit,2024-05-01
OD-638,F-638,In Transit,2024-03-10
OD-639,F-639,In Transit,2023-01-17
OD-640,F-640,In Transit,2024-02-20
OD-641,F-641,In Transit,2024-08-12
OD-642,F-642,Delivered,2024-02-09
OD-643,F-643,In Transit,2024-07-22
OD-644,F-644,Shipped,2023-10-27
OD-645,F-645,Cancelled,2023-12-05
OD-646,F-646,Returned,2024-02-09
OD-647,F-647,Cancelled,2023-06-17
OD-648,F-648,Returned,2023-07-29
OD-649,F-649,Cancelled,2023-12-12
OD-650,F-650,Cancelled,2024-10-31
OD-651,F-651,Returned,2024-03-10
OD-652,F-652,In Transit,2024-08-10
OD-653,F-653,Returned,2023-11-04
OD-654,F-654,Returned,2024-01-21
OD-655,F-655,Delivered,2023-02-23
OD-656,F-656,Delivered,2024-02-15
OD-657,F-657,In Transit,2024-04-26
OD-658,F-658,Shipped,2023-06-30
OD-659,F-659,Delivered,2023-03-30
OD-660,F-660,Shipped,2024-12-02
OD-661,F-661,In Transit,2023-02-28
OD-662,F-662,In Transit,2023-04-11
OD-663,F-663,Cancelled,2023-04-17
OD-664,F-664,Shipped,2024-08-06
OD-665,F-665,Returned,2023-11-30
OD-666,F-666,Shipped,2024-11-06
OD-667,F-667,Cancelled,2024-09-15
OD-668,F-668,Delivered,2024-09-10
OD-669,F-669,Returned,2023-12-01
OD-670,F-670,Shipped,2024-06-04
OD-671,F-671,Shipped,2023-11-16
OD-672,F-672,Cancelled,2023-07-31
OD-673,F-673,Returned,2023-12-13
OD-674,F-674,In Transit,2023-02-01
OD-675,F-675,Delivered,2023-09-22
OD-676,F-676,In Transit,2023-03-10
OD-677,F-677,Cancelled,2023-07-02
OD-678,F-678,In Transit,2023-11-23
OD-679,F-679,Returned,2024-08-19
OD-680,F-680,Cancelled,2024-02-20
OD-681,F-681,Shipped,2023-06-17
OD-682,F-682,Returned,2024-09-07
OD-683,F-683,In Transit,2024-01-27
OD-684,F-684,Returned,2023-07-23
OD-685,F-685,Shipped,2024-01-26
OD-686,F-686,Delivered,2024-08-08
OD-687,F-687,In Transit,2024-12-14
OD-688,F-688,Cancelled,2024-10-14
OD-689,F-689,Shipped,2023-09-20
OD-690,F-690,In Transit,2024-02-08
OD-691,F-691,Returned,2023-09-22
OD-692,F-692,Delivered,2023-04-06
OD-693,F-693,Shipped,2024-02-21
OD-694,F-694,In Transit,2024-03-11
OD-695,F-695,Cancelled,2023-05-27
OD-696,F-696,Returned,2023-03-08
OD-697,F-697,Shipped,2023-04-30
OD-698,F-698,Shipped,2024-08-24
OD-699,F-699,In Transit,2024-11-15
OD-700,F-700,Returned,2024-09-18
OD-701,F-701,In Transit,2023-12-18
OD-702,F-702,Shipped,2024-01-30
OD-703,F-703,Delivered,2024-02-26
OD-704,F-704,Returned,2024-01-23
OD-705,F-705,Returned,2023-12-03
OD-706,F-706,Returned,2024-09-22
OD-707,F-707,Returned,2023-05-31
OD-708,F-708,Returned,2024-07-18
OD-709,F-709,Returned,2023-08-08
OD-710,F-710,Returned,2023-12-07
OD-711,F-711,Delivered,2024-11-15
OD-712,F-712,Cancelled,2024-09-15
OD-713,F-713,Shipped,2023-08-20
OD-714,F-714,Cancelled,2023-05-07
OD-715,F-715,Delivered,2024-09-04
OD-716,F-716,Returned,2023-05-13
OD-717,F-717,Returned,2023-11-25
OD-718,F-718,Delivered,2023-10-25
OD-719,F-719,Delivered,2023-10-17
OD-720,F-720,Shipped,2023-12-13
OD-721,F-721,Cancelled,2024-05-16
OD-722,F-722,Cancelled,2024-05-02
OD-723,F-723,Cancelled,2023-07-26
OD-724,F-724,Returned,2023-11-17
OD-725,F-725,Cancelled,2023-08-19
OD-726,F-726,Shipped,2024-01-23
OD-727,F-727,In Transit,2023-03-03
OD-728,F-728,Cancelled,2023-02-10
OD-729,F-729,Returned,2024-01-26
OD-730,F-730,Cancelled,2023-03-28
OD-731,F-731,Returned,2023-10-16
OD-732,F-732,Cancelled,2023-11-05
OD-733,F-733,Cancelled,2023-01-24
OD-734,F-734,In Transit,2024-11-01
OD-735,F-735,Shipped,2023-01-09
OD-736,F-736,Shipped,2023-06-18
OD-737,F-737,Delivered,2023-06-30
OD-738,F-738,Cancelled,2023-11-04
OD-739,F-739,In Transit,2024-07-07
OD-740,F-740,Delivered,2023-08-16
OD-741,F-741,Returned,2023-03-22
OD-742,F-742,In Transit,2024-12-03
OD-743,F-743,In Transit,2024-10-18
OD-744,F-744,Delivered,2024-01-27
OD-745,F-745,Delivered,2024-07-22
OD-746,F-746,Shipped,2023-10-16
OD-747,F-747,Cancelled,2024-06-26
OD-748,F-748,Delivered,2024-07-22
OD-749,F-749,Cancelled,2023-12-29
OD-750,F-750,Cancelled,2024-06-17
OD-751,F-751,Returned,2024-10-24
OD-752,F-752,In Transit,2024-06-08
OD-753,F-753,Shipped,2023-11-12
OD-754,F-754,Returned,2023-06-29
OD-755,F-755,Returned,2024-12-03
OD-756,F-756,Returned,2024-12-17
OD-757,F-757,In Transit,2023-09-17
OD-758,F-758,Cancelled,2024-06-24
OD-759,F-759,In Transit,2024-05-29
OD-760,F-760,In Transit,2023-05-07
OD-761,F-761,Cancelled,2024-02-17
OD-762,F-762,Shipped,2023-01-14
OD-763,F-763,Returned,2023-07-18
OD-764,F-764,In Transit,2023-06-09
OD-765,F-765,In Transit,2024-05-04
OD-766,F-766,Shipped,2024-04-02
OD-767,F-767,Returned,2023-07-27
OD-768,F-768,Returned,2023-06-17
OD-769,F-769,Returned,2025-01-11
OD-770,F-770,Shipped,2023-01-27
OD-771,F-771,Returned,2024-09-09
OD-772,F-772,Delivered,2024-09-29
OD-773,F-773,Returned,2024-12-23
OD-774,F-774,In Transit,2024-12-22
OD-775,F-775,Cancelled,2023-10-10
OD-776,F-776,Delivered,2024-01-30
OD-777,F-777,Delivered,2024-03-20
OD-778,F-778,Shipped,2023-09-12
OD-779,F-779,In Transit,2023-08-14
OD-780,F-780,In Transit,2023-12-19
OD-781,F-781,In Transit,2024-09-01
OD-782,F-782,Returned,2023-05-19
OD-783,F-783,Cancelled,2024-09-30
OD-784,F-784,Delivered,2023-07-26
OD-785,F-785,Cancelled,2023-05-11
OD-786,F-786,Returned,2023-10-13
OD-787,F-787,Returned,2023-03-28
OD-788,F-788,Cancelled,2023-07-10
OD-789,F-789,Delivered,2024-06-27
OD-790,F-790,Delivered,2023-02-20
OD-791,F-791,Shipped,2024-10-29
OD-792,F-792,Returned,2024-09-15
OD-793,F-793,In Transit,2023-03-06
OD-794,F-794,Cancelled,2024-11-10
OD-795,F-795,Returned,2023-08-18
OD-796,F-796,In Transit,2024-01-22
OD-797,F-797,Shipped,2023-07-19
OD-798,F-798,Returned,2024-02-11
OD-799,F-799,Cancelled,2024-02-19
OD-800,F-800,In Transit,2023-04-27
OD-801,F-801,Cancelled,2024-10-07
OD-802,F-802,Delivered,2023-04-02
OD-803,F-803,Shipped,2023-03-01
OD-804,F-804,In Transit,2024-06-09
OD-805,F-805,Returned,2024-11-05
OD-806,F-806,Delivered,2023-04-18
OD-807,F-807,Delivered,2023-02-24
OD-808,F-808,Shipped,2023-06-10
OD-809,F-809,In Transit,2024-01-15
OD-810,F-810,Shipped,2023-06-04
OD-811,F-811,Returned,2023-10-17
OD-812,F-812,In Transit,2024-05-11
OD-813,F-813,Shipped,2024-07-13
OD-814,F-814,Shipped,2024-08-21
OD-815,F-815,Shipped,2024-01-10
OD-816,F-816,In Transit,2023-05-28
OD-817,F-817,Shipped,2023-05-30
OD-818,F-818,Cancelled,2023-03-06
OD-819,F-819,Cancelled,2024-01-12
OD-820,F-820,Returned,2023-07-15
OD-821,F-821,Shipped,2024-12-14
OD-822,F-822,Cancelled,2023-06-23
OD-823,F-823,Delivered,2024-06-01
OD-824,F-824,Returned,2023-05-14
OD-825,F-825,Delivered,2024-09-20
OD-826,F-826,Delivered,2023-06-23
OD-827,F-827,Cancelled,2024-09-13
OD-828,F-828,In Transit,2023-01-14
OD-829,F-829,Shipped,2023-02-17
OD-830,F-830,In Transit,2023-01-19
OD-831,F-831,Returned,2024-01-07
OD-832,F-832,Cancelled,2024-06-07
OD-833,F-833,In Transit,2023-06-18
OD-834,F-834,Cancelled,2024-11-10
OD-835,F-835,Delivered,2024-06-26
OD-836,F-836,Cancelled,2023-02-14
OD-837,F-837,Shipped,2023-01-26
OD-838,F-838,Delivered,2023-06-30
OD-839,F-839,In Transit,2024-04-25
OD-840,F-840,Returned,2024-05-22
OD-841,F-841,Shipped,2023-05-20
OD-842,F-842,Cancelled,2023-10-02
OD-843,F-843,In Transit,2023-10-28
OD-844,F-844,Shipped,2023-04-09
OD-845,F-845,Delivered,2024-03-26
OD-846,F-846,Cancelled,2024-12-22
OD-847,F-847,Shipped,2024-10-25
OD-848,F-848,Delivered,2024-05-07
OD-849,F-849,Returned,2023-06-01
OD-850,F-850,Returned,2024-11-19
OD-851,F-851,Returned,2023-06-27
OD-852,F-852,Cancelled,2024-12-16
OD-853,F-853,Shipped,2023-03-28
OD-854,F-854,Cancelled,2024-06-01
OD-855,F-855,In Transit,2024-10-13
OD-856,F-856,Delivered,2024-12-19
OD-857,F-857,Delivered,2024-08-15
OD-858,F-858,Returned,2024-12-25
OD-859,F-859,In Transit,2024-03-15
OD-860,F-860,Delivered,2024-07-28
OD-861,F-861,Shipped,2024-03-26
OD-862,F-862,Cancelled,2024-03-06
OD-863,F-863,Returned,2023-11-03
OD-864,F-864,Returned,2023-05-16
OD-865,F-865,Returned,2024-06-09
OD-866,F-866,Cancelled,2023-02-13
OD-867,F-867,Cancelled,2024-03-21
OD-868,F-868,Returned,2024-08-18
OD-869,F-869,Shipped,2024-04-02
OD-870,F-870,In Transit,2024-10-11
OD-871,F-871,Shipped,2023-01-20
OD-872,F-872,In Transit,2024-10-17
OD-873,F-873,In Transit,2024-01-26
OD-874,F-874,In Transit,2023-04-19
OD-875,F-875,Returned,2023-04-11
OD-876,F-876,Returned,2024-03-04
OD-877,F-877,Cancelled,2024-04-10
OD-878,F-878,Shipped,2023-05-11
OD-879,F-879,Cancelled,2023-05-15
OD-880,F-880,Shipped,2023-05-03
OD-881,F-881,Cancelled,2023-10-09
OD-882,F-882,Delivered,2024-05-27
OD-883,F-883,In Transit,2023-10-19
OD-884,F-884,Cancelled,2024-04-08
OD-885,F-885,In Transit,2023-08-02
OD-886,F-886,Shipped,2023-09-25
OD-887,F-887,Delivered,2024-03-20
OD-888,F-888,In Transit,2023-05-13
OD-889,F-889,Cancelled,2023-09-01
OD-890,F-890,Delivered,2024-09-22
OD-891,F-891,Shipped,2023-02-28
OD-892,F-892,Shipped,2023-12-07
OD-893,F-893,Cancelled,2023-01-07
OD-894,F-894,Delivered,2024-10-30
OD-895,F-895,Cancelled,2024-02-23
OD-896,F-896,Cancelled,2024-04-17
OD-897,F-897,In Transit,2023-01-19
OD-898,F-898,Shipped,2024-01-19
OD-899,F-899,In Transit,2023-03-24
OD-900,F-900,Returned,2023-05-11
OD-901,F-901,Delivered,2023-09-10
OD-902,F-902,Cancelled,2023-04-12
OD-903,F-903,Shipped,2024-11-02
OD-904,F-904,In Transit,2024-05-01
OD-905,F-905,In Transit,2024-06-19
OD-906,F-906,In Transit,2023-08-23
OD-907,F-907,In Transit,2023-10-15
OD-908,F-908,Delivered,2023-04-27
OD-909,F-909,Returned,2024-04-15
OD-910,F-910,Delivered,2024-03-23
OD-911,F-911,Cancelled,2024-03-12
OD-912,F-912,Shipped,2024-06-20
OD-913,F-913,In Transit,2024-08-18
OD-914,F-914,Returned,2024-02-25
OD-915,F-915,Shipped,2023-12-24
OD-916,F-916,Delivered,2024-10-03
OD-917,F-917,Returned,2023-12-16
OD-918,F-918,Returned,2023-03-27
OD-919,F-919,In Transit,2024-05-04
OD-920,F-920,Returned,2023-06-09
OD-921,F-921,Delivered,2024-11-12
OD-922,F-922,Shipped,2024-11-20
OD-923,F-923,Cancelled,2024-11-11
OD-924,F-924,Shipped,2024-01-12
OD-925,F-925,In Transit,2024-12-06
OD-926,F-926,In Transit,2023-12-12
OD-927,F-927,Delivered,2023-12-25
OD-928,F-928,Delivered,2024-12-12
OD-929,F-929,Returned,2023-11-09
OD-930,F-930,Delivered,2023-05-15
OD-931,F-931,Cancelled,2023-09-25
OD-932,F-932,Cancelled,2023-10-13
OD-933,F-933,Returned,2023-02-10
OD-934,F-934,Delivered,2023-10-03
OD-935,F-935,Delivered,2023-07-30
OD-936,F-936,In Transit,2024-04-20
OD-937,F-937,Returned,2024-06-08
OD-938,F-938,In Transit,2024-07-29
OD-939,F-939,Returned,2024-08-19
OD-940,F-940,Shipped,2024-04-21
OD-941,F-941,Delivered,2023-12-17
OD-942,F-942,Cancelled,2024-08-26
OD-943,F-943,Delivered,2023-05-26
OD-944,F-944,Shipped,2024-05-14
OD-945,F-945,Shipped,2024-06-25
OD-946,F-946,In Transit,2023-03-02
OD-947,F-947,In Transit,2024-09-27
OD-948,F-948,Returned,2024-11-13
OD-949,F-949,Returned,2024-09-02
OD-950,F-950,Shipped,2024-03-11
OD-951,F-951,Delivered,2023-11-09
OD-952,F-952,Cancelled,2024-04-21
OD-953,F-953,In Transit,2023-12-28
OD-954,F-954,Delivered,2023-12-20
OD-955,F-955,Cancelled,2024-05-20
OD-956,F-956,Shipped,2024-08-28
OD-957,F-957,Delivered,2023-09-04
OD-958,F-958,Returned,2023-09-08
OD-959,F-959,Delivered,2023-09-23
OD-960,F-960,In Transit,2023-07-06
OD-961,F-961,In Transit,2023-07-30
OD-962,F-962,In Transit,2024-06-28
OD-963,F-963,In Transit,2024-01-11
OD-964,F-964,Cancelled,2024-10-28
OD-965,F-965,Cancelled,2023-05-25
OD-966,F-966,Cancelled,2023-11-04
OD-967,F-967,In Transit,2023-10-27
OD-968,F-968,Cancelled,2024-08-20
OD-969,F-969,Shipped,2024-08-21
OD-970,F-970,In Transit,2023-12-11
OD-971,F-971,Cancelled,2024-09-24
OD-972,F-972,Shipped,2024-07-20
OD-973,F-973,Shipped,2024-11-01
OD-974,F-974,Cancelled,2023-07-22
OD-975,F-975,In Transit,2024-02-01
OD-976,F-976,In Transit,2024-01-14
OD-977,F-977,In Transit,2023-08-23
OD-978,F-978,Delivered,2023-05-17
OD-979,F-979,Shipped,2023-10-30
OD-980,F-980,Returned,2023-08-04
OD-981,F-981,Delivered,2024-07-28
OD-982,F-982,Delivered,2023-04-26
OD-983,F-983,Delivered,2024-06-20
OD-984,F-984,Shipped,2023-02-09
OD-985,F-985,Delivered,2023-10-14
OD-986,F-986,In Transit,2023-01-25
OD-987,F-987,Delivered,2024-07-09
OD-988,F-988,Delivered,2023-12-13
OD-989,F-989,Cancelled,2024-03-19
OD-990,F-990,In Transit,2024-08-13
OD-991,F-991,Delivered,2024-12-09
OD-992,F-992,Shipped,2024-09-24
OD-993,F-993,Shipped,2023-10-07
OD-994,F-994,Delivered,2024-05-09
OD-995,F-995,Returned,2023-03-13
OD-996,F-996,Shipped,2023-06-03
OD-997,F-997,Delivered,2024-08-18
OD-998,F-998,Shipped,2024-01-04
OD-999,F-999,Returned,2024-06-14
OD-1000,F-1000,Returned,2023-06-03
OD-1001,F-1001,Delivered,2023-10-31
OD-1002,F-1002,Cancelled,2023-02-06
OD-1003,F-1003,Returned,2023-08-13
OD-1004,F-1004,Shipped,2023-03-31
OD-1005,F-1005,Delivered,2024-09-20
OD-1006,F-1006,Returned,2023-09-12
OD-1007,F-1007,Shipped,2024-12-17
OD-1008,F-1008,In Transit,2024-01-14
OD-1009,F-1009,Cancelled,2024-07-08
OD-1010,F-1010,In Transit,2023-11-28
OD-1011,F-1011,Shipped,2023-07-26
OD-1012,F-1012,Returned,2024-12-31
OD-1013,F-1013,Delivered,2023-05-24
OD-1014,F-1014,Shipped,2023-09-08
OD-1015,F-1015,Returned,2024-04-10
OD-1016,F-1016,Returned,2024-09-02
OD-1017,F-1017,Delivered,2024-06-09
OD-1018,F-1018,Delivered,2024-06-20
OD-1019,F-1019,Cancelled,2023-06-04
OD-1020,F-1020,Delivered,2023-11-21
OD-1021,F-1021,In Transit,2023-06-26
OD-1022,F-1022,Cancelled,2023-08-02
OD-1023,F-1023,In Transit,2024-07-11
OD-1024,F-1024,Shipped,2024-03-18
OD-1025,F-1025,Delivered,2024-04-04
OD-1026,F-1026,Cancelled,2023-03-26
OD-1027,F-1027,Returned,2024-06-11
OD-1028,F-1028,In Transit,2023-11-24
OD-1029,F-1029,In Transit,2024-11-29
OD-1030,F-1030,Returned,2023-07-25
OD-1031,F-1031,Cancelled,2023-08-10
OD-1032,F-1032,Returned,2024-07-03
OD-1033,F-1033,In Transit,2024-09-07
OD-1034,F-1034,Returned,2023-10-27
OD-1035,F-1035,Returned,2024-11-11
OD-1036,F-1036,Delivered,2024-09-13
OD-1037,F-1037,Returned,2023-03-11
OD-1038,F-1038,In Transit,2024-02-22
OD-1039,F-1039,In Transit,2023-11-22
OD-1040,F-1040,Returned,2024-09-19
OD-1041,F-1041,In Transit,2024-01-07
OD-1042,F-1042,In Transit,2024-07-08
OD-1043,F-1043,Shipped,2023-08-11
OD-1044,F-1044,Delivered,2024-06-01
OD-1045,F-1045,Returned,2024-12-13
OD-1046,F-1046,Shipped,2023-03-30
OD-1047,F-1047,Cancelled,2023-06-10
OD-1048,F-1048,Returned,2024-03-17
OD-1049,F-1049,In Transit,2024-08-16
OD-1050,F-1050,Shipped,2024-05-17
OD-1051,F-1051,Cancelled,2024-01-22
OD-1052,F-1052,Delivered,2023-09-01
OD-1053,F-1053,Shipped,2023-04-13
OD-1054,F-1054,Delivered,2024-06-28
OD-1055,F-1055,Delivered,2023-06-06
OD-1056,F-1056,Returned,2024-05-22
OD-1057,F-1057,In Transit,2023-04-02
OD-1058,F-1058,Returned,2023-05-07
OD-1059,F-1059,Shipped,2024-05-21
OD-1060,F-1060,In Transit,2024-11-27
OD-1061,F-1061,Returned,2024-09-29
OD-1062,F-1062,Delivered,2023-05-21
OD-1063,F-1063,Shipped,2023-03-15
OD-1064,F-1064,Delivered,2023-03-07
OD-1065,F-1065,Returned,2023-12-26
OD-1066,F-1066,Cancelled,2024-10-04
OD-1067,F-1067,Cancelled,2023-10-18
OD-1068,F-1068,In Transit,2023-12-14
OD-1069,F-1069,In Transit,2023-08-14
OD-1070,F-1070,Returned,2023-03-29
OD-1071,F-1071,Returned,2023-05-09
OD-1072,F-1072,Delivered,2023-11-25
OD-1073,F-1073,Cancelled,2024-07-30
OD-1074,F-1074,Returned,2023-07-09
OD-1075,F-1075,Returned,2024-02-01
OD-1076,F-1076,Cancelled,2024-08-29
OD-1077,F-1077,Delivered,2023-02-06
OD-1078,F-1078,In Transit,2023-02-10
OD-1079,F-1079,In Transit,2024-07-16
OD-1080,F-1080,Shipped,2024-03-12
OD-1081,F-1081,In Transit,2024-11-08
OD-1082,F-1082,Shipped,2024-01-19
OD-1083,F-1083,Returned,2024-06-01
OD-1084,F-1084,Delivered,2024-12-12
OD-1085,F-1085,Shipped,2024-05-01
OD-1086,F-1086,Shipped,2023-04-03
OD-1087,F-1087,Delivered,2023-03-29
OD-1088,F-1088,In Transit,2023-07-10
OD-1089,F-1089,Shipped,2023-07-07
OD-1090,F-1090,Cancelled,2023-12-26
OD-1091,F-1091,Delivered,2023-08-09
OD-1092,F-1092,In Transit,2023-10-09
OD-1093,F-1093,Delivered,2024-06-20
OD-1094,F-1094,In Transit,2023-02-06
OD-1095,F-1095,In Transit,2024-10-31
OD-1096,F-1096,Returned,2023-01-31
OD-1097,F-1097,Shipped,2024-01-24
OD-1098,F-1098,Cancelled,2024-06-11
OD-1099,F-1099,In Transit,2023-11-08
OD-1100,F-1100,Returned,2023-04-10
OD-1101,F-1101,Delivered,2024-11-11
OD-1102,F-1102,Delivered,2024-04-02
OD-1103,F-1103,Returned,2023-04-18
OD-1104,F-1104,In Transit,2025-01-01
OD-1105,F-1105,Cancelled,2024-02-22
OD-1106,F-1106,Delivered,2024-08-28
OD-1107,F-1107,In Transit,2024-09-22
OD-1108,F-1108,Returned,2023-11-10
OD-1109,F-1109,In Transit,2024-11-26
OD-1110,F-1110,Shipped,2024-04-29
OD-1111,F-1111,Returned,2024-06-12
OD-1112,F-1112,Cancelled,2024-03-20
OD-1113,F-1113,Returned,2023-12-14
OD-1114,F-1114,Cancelled,2023-03-28
OD-1115,F-1115,Returned,2024-03-24
OD-1116,F-1116,Shipped,2024-12-09
OD-1117,F-1117,Shipped,2024-01-07
OD-1118,F-1118,Shipped,2023-02-11
OD-1119,F-1119,Returned,2023-06-05
OD-1120,F-1120,Delivered,2024-06-27
OD-1121,F-1121,Delivered,2024-10-22
OD-1122,F-1122,In Transit,2023-09-24
OD-1123,F-1123,Delivered,2024-06-12
OD-1124,F-1124,Cancelled,2024-03-29
OD-1125,F-1125,Shipped,2023-07-10
OD-1126,F-1126,In Transit,2023-10-12
OD-1127,F-1127,Cancelled,2023-08-23
OD-1128,F-1128,Returned,2024-08-01
OD-1129,F-1129,Delivered,2024-06-02
OD-1130,F-1130,In Transit,2023-03-25
OD-1131,F-1131,Shipped,2023-11-17
OD-1132,F-1132,Delivered,2024-10-03
OD-1133,F-1133,Returned,2024-01-23
OD-1134,F-1134,Returned,2023-11-03
OD-1135,F-1135,Delivered,2024-09-08
OD-1136,F-1136,Returned,2023-08-25
OD-1137,F-1137,In Transit,2024-02-23
OD-1138,F-1138,Shipped,2024-08-22
OD-1139,F-1139,Delivered,2024-09-28
OD-1140,F-1140,Cancelled,2024-10-04
OD-1141,F-1141,Delivered,2024-07-28
OD-1142,F-1142,Shipped,2024-05-01
OD-1143,F-1143,Returned,2023-09-12
OD-1144,F-1144,Shipped,2023-12-08
OD-1145,F-1145,Cancelled,2024-05-02
OD-1146,F-1146,Shipped,2024-11-02
OD-1147,F-1147,Shipped,2023-02-18
OD-1148,F-1148,Delivered,2024-08-24
OD-1149,F-1149,Returned,2023-08-13
OD-1150,F-1150,Delivered,2023-12-26
OD-1151,F-1151,Delivered,2023-05-29
OD-1152,F-1152,Returned,2023-11-20
OD-1153,F-1153,Delivered,2024-12-20
OD-1154,F-1154,Delivered,2024-08-26
OD-1155,F-1155,In Transit,2024-02-27
OD-1156,F-1156,Cancelled,2024-06-23
OD-1157,F-1157,In Transit,2023-01-20
OD-1158,F-1158,Cancelled,2023-05-05
OD-1159,F-1159,Cancelled,2024-01-15
OD-1160,F-1160,Cancelled,2024-07-13
OD-1161,F-1161,Shipped,2023-07-11
OD-1162,F-1162,Cancelled,2023-10-16
OD-1163,F-1163,Shipped,2023-09-16
OD-1164,F-1164,Shipped,2023-12-02
OD-1165,F-1165,Cancelled,2024-08-28
OD-1166,F-1166,Delivered,2024-03-31
OD-1167,F-1167,Delivered,2024-05-29
OD-1168,F-1168,Shipped,2024-07-07
OD-1169,F-1169,In Transit,2024-05-23
OD-1170,F-1170,Cancelled,2024-11-27
OD-1171,F-1171,Cancelled,2023-04-29
OD-1172,F-1172,In Transit,2024-09-23
OD-1173,F-1173,Returned,2023-06-21
OD-1174,F-1174,Delivered,2023-10-09
OD-1175,F-1175,Returned,2024-01-06
OD-1176,F-1176,Delivered,2023-03-07
OD-1177,F-1177,Delivered,2023-08-04
OD-1178,F-1178,Returned,2024-08-04
OD-1179,F-1179,Shipped,2023-09-15
OD-1180,F-1180,Shipped,2024-12-26
OD-1181,F-1181,Returned,2024-07-07
OD-1182,F-1182,Cancelled,2023-12-05
OD-1183,F-1183,Cancelled,2023-09-19
OD-1184,F-1184,Returned,2023-05-31
OD-1185,F-1185,In Transit,2023-12-02
OD-1186,F-1186,Shipped,2023-09-23
OD-1187,F-1187,Delivered,2024-05-23
OD-1188,F-1188,Cancelled,2024-06-06
OD-1189,F-1189,In Transit,2023-03-29
OD-1190,F-1190,Returned,2024-08-13
OD-1191,F-1191,Cancelled,2023-06-14
OD-1192,F-1192,Shipped,2023-01-30
OD-1193,F-1193,Returned,2023-06-14
OD-1194,F-1194,In Transit,2024-08-16
OD-1195,F-1195,Cancelled,2023-01-31
OD-1196,F-1196,In Transit,2023-11-25
OD-1197,F-1197,Returned,2023-08-14
OD-1198,F-1198,In Transit,2023-08-10
OD-1199,F-1199,In Transit,2023-05-12
OD-1200,F-1200,In Transit,2024-09-19
OD-1201,F-1201,Shipped,2024-01-13
OD-1202,F-1202,Returned,2024-02-17
OD-1203,F-1203,Shipped,2023-09-01
OD-1204,F-1204,Cancelled,2024-10-28
OD-1205,F-1205,Delivered,2023-05-29
OD-1206,F-1206,Delivered,2024-03-09
OD-1207,F-1207,Delivered,2023-02-07
OD-1208,F-1208,Returned,2023-12-10
OD-1209,F-1209,Delivered,2024-09-06
OD-1210,F-1210,Cancelled,2023-03-17
OD-1211,F-1211,In Transit,2024-10-20
OD-1212,F-1212,In Transit,2024-09-24
OD-1213,F-1213,Cancelled,2023-08-25
OD-1214,F-1214,Cancelled,2023-07-19
OD-1215,F-1215,Returned,2023-05-17
OD-1216,F-1216,In Transit,2023-07-11
OD-1217,F-1217,Returned,2024-05-15
OD-1218,F-1218,Delivered,2023-10-07
OD-1219,F-1219,Returned,2023-09-29
OD-1220,F-1220,Shipped,2024-06-23
OD-1221,F-1221,Delivered,2023-08-31
OD-1222,F-1222,In Transit,2024-04-18
OD-1223,F-1223,In Transit,2023-07-21
OD-1224,F-1224,Delivered,2024-09-17
OD-1225,F-1225,In Transit,2023-06-25
OD-1226,F-1226,Returned,2024-03-16
OD-1227,F-1227,Shipped,2024-05-04
OD-1228,F-1228,Returned,2023-11-18
OD-1229,F-1229,Cancelled,2023-09-14
OD-1230,F-1230,Returned,2023-03-18
OD-1231,F-1231,Delivered,2024-11-25
OD-1232,F-1232,Returned,2023-11-20
OD-1233,F-1233,Shipped,2024-09-22
OD-1234,F-1234,Delivered,2023-05-05
OD-1235,F-1235,Returned,2024-09-18
OD-1236,F-1236,Delivered,2023-10-22
OD-1237,F-1237,Cancelled,2023-04-19
OD-1238,F-1238,Returned,2025-01-05
OD-1239,F-1239,Delivered,2024-10-25
OD-1240,F-1240,Returned,2024-03-14
OD-1241,F-1241,In Transit,2023-02-10
OD-1242,F-1242,Returned,2023-12-05
OD-1243,F-1243,Returned,2024-12-06
OD-1244,F-1244,Cancelled,2024-12-21
OD-1245,F-1245,Shipped,2023-12-05
OD-1246,F-1246,Returned,2023-08-25
OD-1247,F-1247,Delivered,2023-07-17
OD-1248,F-1248,Cancelled,2023-06-18
OD-1249,F-1249,Cancelled,2024-10-27
OD-1250,F-1250,In Transit,2023-04-09
OD-1251,F-1251,Cancelled,2024-02-17
OD-1252,F-1252,In Transit,2023-08-29
OD-1253,F-1253,In Transit,2024-05-26
OD-1254,F-1254,Returned,2023-06-07
OD-1255,F-1255,Delivered,2023-07-24
OD-1256,F-1256,Cancelled,2024-03-24
OD-1257,F-1257,Cancelled,2023-05-28
OD-1258,F-1258,Delivered,2024-12-31
OD-1259,F-1259,Cancelled,2023-08-27
OD-1260,F-1260,Shipped,2023-03-18
OD-1261,F-1261,Cancelled,2023-06-07
OD-1262,F-1262,In Transit,2023-02-06
OD-1263,F-1263,Cancelled,2024-12-18
OD-1264,F-1264,Shipped,2023-01-10
OD-1265,F-1265,Shipped,2023-06-19
OD-1266,F-1266,Returned,2023-05-11
OD-1267,F-1267,Returned,2023-12-22
OD-1268,F-1268,Shipped,2023-07-15
OD-1269,F-1269,Shipped,2024-06-30
OD-1270,F-1270,Delivered,2023-01-10
OD-1271,F-1271,Cancelled,2024-08-04
OD-1272,F-1272,Cancelled,2023-12-27
OD-1273,F-1273,Cancelled,2023-07-03
OD-1274,F-1274,In Transit,2023-11-26
OD-1275,F-1275,Cancelled,2024-09-18
OD-1276,F-1276,In Transit,2023-05-07
OD-1277,F-1277,Cancelled,2023-07-21
OD-1278,F-1278,In Transit,2024-11-20
OD-1279,F-1279,Returned,2023-07-30
OD-1280,F-1280,Delivered,2024-05-26
OD-1281,F-1281,Shipped,2023-10-27
OD-1282,F-1282,Cancelled,2024-08-09
OD-1283,F-1283,Cancelled,2024-02-07
OD-1284,F-1284,In Transit,2024-01-24
OD-1285,F-1285,Returned,2023-03-18
OD-1286,F-1286,Returned,2023-10-29
OD-1287,F-1287,Returned,2023-02-21
OD-1288,F-1288,Shipped,2023-11-22
OD-1289,F-1289,Cancelled,2023-10-18
OD-1290,F-1290,Shipped,2023-02-15
OD-1291,F-1291,Returned,2023-03-16
OD-1292,F-1292,In Transit,2024-08-14
OD-1293,F-1293,Returned,2023-08-03
OD-1294,F-1294,Returned,2024-02-07
OD-1295,F-1295,In Transit,2023-06-06
OD-1296,F-1296,Delivered,2023-02-21
OD-1297,F-1297,Cancelled,2023-07-31
OD-1298,F-1298,Returned,2023-07-21
OD-1299,F-1299,Delivered,2024-07-05
OD-1300,F-1300,Delivered,2024-03-02
OD-1301,F-1301,Returned,2024-12-03
OD-1302,F-1302,Returned,2024-10-07
OD-1303,F-1303,Cancelled,2023-10-26
OD-1304,F-1304,In Transit,2024-05-10
OD-1305,F-1305,Returned,2024-02-04
OD-1306,F-1306,In Transit,2024-04-23
OD-1307,F-1307,Returned,2024-02-29
OD-1308,F-1308,In Transit,2023-12-22
OD-1309,F-1309,Cancelled,2024-08-14
OD-1310,F-1310,Shipped,2024-01-28
OD-1311,F-1311,Cancelled,2024-10-07
OD-1312,F-1312,In Transit,2024-06-15
OD-1313,F-1313,In Transit,2023-10-12
OD-1314,F-1314,Shipped,2023-05-17
OD-1315,F-1315,In Transit,2023-12-11
OD-1316,F-1316,Delivered,2024-01-16
OD-1317,F-1317,Returned,2023-04-18
OD-1318,F-1318,In Transit,2024-03-01
OD-1319,F-1319,Returned,2024-04-08
OD-1320,F-1320,Cancelled,2023-01-30
OD-1321,F-1321,Delivered,2024-05-21
OD-1322,F-1322,Delivered,2023-11-09
OD-1323,F-1323,Cancelled,2024-01-01
OD-1324,F-1324,Shipped,2024-01-19
OD-1325,F-1325,Returned,2023-03-04
OD-1326,F-1326,Shipped,2024-11-13
OD-1327,F-1327,Returned,2023-01-16
OD-1328,F-1328,Cancelled,2024-11-26
OD-1329,F-1329,Cancelled,2024-02-27
OD-1330,F-1330,Cancelled,2023-04-03
OD-1331,F-1331,In Transit,2023-04-23
OD-1332,F-1332,Cancelled,2023-04-07
OD-1333,F-1333,Shipped,2024-04-19
OD-1334,F-1334,Returned,2023-03-27
OD-1335,F-1335,In Transit,2023-03-02
OD-1336,F-1336,In Transit,2025-01-02
OD-1337,F-1337,Shipped,2023-07-25
OD-1338,F-1338,Cancelled,2023-08-30
OD-1339,F-1339,Delivered,2023-09-20
OD-1340,F-1340,Shipped,2023-03-14
OD-1341,F-1341,Cancelled,2024-04-08
OD-1342,F-1342,Delivered,2024-12-21
OD-1343,F-1343,Cancelled,2024-01-22
OD-1344,F-1344,Returned,2024-09-01
OD-1345,F-1345,Returned,2024-04-27
OD-1346,F-1346,Delivered,2023-11-29
OD-1347,F-1347,Shipped,2023-07-01
OD-1348,F-1348,In Transit,2023-10-13
OD-1349,F-1349,Returned,2023-10-20
OD-1350,F-1350,Delivered,2024-11-15
OD-1351,F-1351,Returned,2023-05-30
OD-1352,F-1352,Cancelled,2024-10-16
OD-1353,F-1353,Cancelled,2023-10-23
OD-1354,F-1354,In Transit,2024-04-09
OD-1355,F-1355,In Transit,2024-10-18
OD-1356,F-1356,In Transit,2024-10-14
OD-1357,F-1357,Cancelled,2023-11-21
OD-1358,F-1358,Returned,2024-04-21
OD-1359,F-1359,In Transit,2023-10-19
OD-1360,F-1360,Delivered,2024-01-06
OD-1361,F-1361,Delivered,2024-07-06
OD-1362,F-1362,Shipped,2024-06-28
OD-1363,F-1363,Delivered,2023-11-03
OD-1364,F-1364,Shipped,2024-04-09
OD-1365,F-1365,Delivered,2023-07-26
OD-1366,F-1366,Returned,2023-12-08
OD-1367,F-1367,Delivered,2024-10-25
OD-1368,F-1368,Shipped,2023-02-19
OD-1369,F-1369,Delivered,2023-04-18
OD-1370,F-1370,Cancelled,2024-03-06
OD-1371,F-1371,Returned,2024-02-15
OD-1372,F-1372,In Transit,2023-08-23
OD-1373,F-1373,Delivered,2023-09-06
OD-1374,F-1374,Shipped,2024-11-26
OD-1375,F-1375,In Transit,2024-07-22
OD-1376,F-1376,In Transit,2024-12-29
OD-1377,F-1377,Returned,2023-01-18
OD-1378,F-1378,Returned,2024-09-20
OD-1379,F-1379,In Transit,2023-02-04
OD-1380,F-1380,Cancelled,2023-08-04
OD-1381,F-1381,Cancelled,2023-03-02
OD-1382,F-1382,Returned,2023-07-12
OD-1383,F-1383,Shipped,2023-06-24
OD-1384,F-1384,Shipped,2023-02-07
OD-1385,F-1385,In Transit,2024-08-09
OD-1386,F-1386,Shipped,2023-03-25
OD-1387,F-1387,Shipped,2023-09-30
OD-1388,F-1388,Cancelled,2023-07-07
OD-1389,F-1389,Shipped,2023-01-29
OD-1390,F-1390,In Transit,2023-02-16
OD-1391,F-1391,Returned,2024-11-09
OD-1392,F-1392,Returned,2024-11-23
OD-1393,F-1393,Shipped,2024-08-04
OD-1394,F-1394,Delivered,2024-01-19
OD-1395,F-1395,Returned,2023-12-02
OD-1396,F-1396,Returned,2023-06-08
OD-1397,F-1397,In Transit,2023-12-17
OD-1398,F-1398,In Transit,2024-10-06
OD-1399,F-1399,Shipped,2024-03-15
OD-1400,F-1400,Shipped,2024-11-20
OD-1401,F-1401,Cancelled,2024-07-20
OD-1402,F-1402,In Transit,2023-04-23
OD-1403,F-1403,In Transit,2023-04-27
OD-1404,F-1404,Shipped,2024-07-10
OD-1405,F-1405,Returned,2023-07-13
OD-1406,F-1406,In Transit,2023-01-18
OD-1407,F-1407,Returned,2024-05-06
OD-1408,F-1408,Shipped,2024-12-28
OD-1409,F-1409,Returned,2023-12-28
OD-1410,F-1410,Returned,2023-09-19
OD-1411,F-1411,Returned,2024-09-20
OD-1412,F-1412,Returned,2023-01-21
OD-1413,F-1413,Cancelled,2023-10-15
OD-1414,F-1414,Delivered,2023-06-30
OD-1415,F-1415,Returned,2024-12-09
OD-1416,F-1416,In Transit,2024-11-06
OD-1417,F-1417,Shipped,2024-08-23
OD-1418,F-1418,Returned,2024-09-18
OD-1419,F-1419,Delivered,2024-01-15
OD-1420,F-1420,Returned,2023-03-19
OD-1421,F-1421,Returned,2023-05-09
OD-1422,F-1422,Shipped,2024-08-01
OD-1423,F-1423,Delivered,2023-06-02
OD-1424,F-1424,In Transit,2023-05-02
OD-1425,F-1425,In Transit,2023-08-16
OD-1426,F-1426,In Transit,2024-10-14
OD-1427,F-1427,In Transit,2023-03-15
OD-1428,F-1428,Returned,2024-01-08
OD-1429,F-1429,Returned,2024-02-17
OD-1430,F-1430,In Transit,2023-05-15
OD-1431,F-1431,Cancelled,2023-03-21
OD-1432,F-1432,Returned,2023-06-05
OD-1433,F-1433,Cancelled,2023-11-16
OD-1434,F-1434,Delivered,2024-09-04
OD-1435,F-1435,Delivered,2024-07-05
OD-1436,F-1436,Cancelled,2024-09-05
OD-1437,F-1437,Delivered,2023-07-22
OD-1438,F-1438,In Transit,2023-07-18
OD-1439,F-1439,In Transit,2024-07-19
OD-1440,F-1440,Returned,2024-10-19
OD-1441,F-1441,Delivered,2023-10-09
OD-1442,F-1442,In Transit,2024-01-24
OD-1443,F-1443,Cancelled,2024-04-20
OD-1444,F-1444,Returned,2024-03-21
OD-1445,F-1445,Shipped,2023-05-08
OD-1446,F-1446,Shipped,2023-10-07
OD-1447,F-1447,Returned,2023-01-17
OD-1448,F-1448,In Transit,2024-09-15
OD-1449,F-1449,Cancelled,2023-08-19
OD-1450,F-1450,Shipped,2023-04-13
OD-1451,F-1451,In Transit,2023-08-19
OD-1452,F-1452,In Transit,2024-11-27
OD-1453,F-1453,Shipped,2024-03-02
OD-1454,F-1454,Shipped,2024-11-27
OD-1455,F-1455,Cancelled,2024-03-31
OD-1456,F-1456,Returned,2023-06-29
OD-1457,F-1457,Cancelled,2023-08-27
OD-1458,F-1458,Returned,2024-04-15
OD-1459,F-1459,In Transit,2024-04-08
OD-1460,F-1460,Returned,2024-05-07
OD-1461,F-1461,Shipped,2023-04-09
OD-1462,F-1462,In Transit,2023-06-08
OD-1463,F-1463,Cancelled,2024-06-19
OD-1464,F-1464,In Transit,2023-07-04
OD-1465,F-1465,In Transit,2024-09-15
OD-1466,F-1466,In Transit,2024-07-30
OD-1467,F-1467,Cancelled,2023-07-05
OD-1468,F-1468,Cancelled,2023-06-26
OD-1469,F-1469,In Transit,2024-04-23
OD-1470,F-1470,Cancelled,2023-03-19
OD-1471,F-1471,Returned,2024-02-19
OD-1472,F-1472,Cancelled,2024-01-04
OD-1473,F-1473,Cancelled,2024-05-29
OD-1474,F-1474,Delivered,2023-05-07
OD-1475,F-1475,Cancelled,2023-08-01
OD-1476,F-1476,In Transit,2024-10-28
OD-1477,F-1477,Returned,2024-02-18
OD-1478,F-1478,Delivered,2023-09-15
OD-1479,F-1479,Cancelled,2024-11-07
OD-1480,F-1480,In Transit,2023-03-21
OD-1481,F-1481,In Transit,2025-01-08
OD-1482,F-1482,Cancelled,2024-04-11
OD-1483,F-1483,Returned,2024-06-22
OD-1484,F-1484,Delivered,2024-07-23
OD-1485,F-1485,Cancelled,2024-10-15
OD-1486,F-1486,Returned,2023-02-17
OD-1487,F-1487,Shipped,2024-03-15
OD-1488,F-1488,Shipped,2024-05-18
OD-1489,F-1489,Cancelled,2024-10-03
OD-1490,F-1490,In Transit,2023-12-10
OD-1491,F-1491,Returned,2023-10-15
OD-1492,F-1492,In Transit,2023-09-26
OD-1493,F-1493,Returned,2024-12-23
OD-1494,F-1494,Shipped,2023-09-13
OD-1495,F-1495,Delivered,2023-06-14
OD-1496,F-1496,In Transit,2024-05-26
OD-1497,F-1497,Shipped,2023-12-14
OD-1498,F-1498,In Transit,2023-01-12
OD-1499,F-1499,Cancelled,2023-07-08
OD-1500,F-1500,Cancelled,2023-12-07
OD-1501,F-1501,Delivered,2023-06-27
OD-1502,F-1502,Cancelled,2023-03-24
OD-1503,F-1503,Shipped,2024-12-23
OD-1504,F-1504,Delivered,2023-06-26
OD-1505,F-1505,In Transit,2024-03-11
OD-1506,F-1506,Shipped,2023-06-12
OD-1507,F-1507,Returned,2023-03-22
OD-1508,F-1508,Returned,2024-11-20
OD-1509,F-1509,Delivered,2024-02-07
OD-1510,F-1510,In Transit,2024-04-28
OD-1511,F-1511,In Transit,2024-03-10
OD-1512,F-1512,Cancelled,2024-05-18
OD-1513,F-1513,Delivered,2023-08-03
OD-1514,F-1514,In Transit,2023-01-08
OD-1515,F-1515,Shipped,2024-06-09
OD-1516,F-1516,Delivered,2024-07-16
OD-1517,F-1517,Cancelled,2024-10-13
OD-1518,F-1518,In Transit,2024-08-30
OD-1519,F-1519,In Transit,2024-02-11
OD-1520,F-1520,Cancelled,2024-02-17
OD-1521,F-1521,Returned,2023-01-19
OD-1522,F-1522,Returned,2024-11-13
OD-1523,F-1523,Delivered,2024-07-15
OD-1524,F-1524,Delivered,2023-01-26
OD-1525,F-1525,Delivered,2024-03-15
OD-1526,F-1526,Shipped,2024-07-18
OD-1527,F-1527,Shipped,2023-10-11
OD-1528,F-1528,Shipped,2024-07-07
OD-1529,F-1529,Cancelled,2023-07-02
OD-1530,F-1530,Cancelled,2023-04-03
OD-1531,F-1531,Shipped,2024-05-13
OD-1532,F-1532,In Transit,2023-08-09
OD-1533,F-1533,Delivered,2024-05-28
OD-1534,F-1534,Delivered,2024-04-10
OD-1535,F-1535,Shipped,2023-01-12
OD-1536,F-1536,Cancelled,2023-05-10
OD-1537,F-1537,Delivered,2024-10-06
OD-1538,F-1538,Delivered,2023-02-13
OD-1539,F-1539,Returned,2023-12-18
OD-1540,F-1540,Shipped,2023-01-28
OD-1541,F-1541,Shipped,2024-09-12
OD-1542,F-1542,In Transit,2023-11-25
OD-1543,F-1543,Cancelled,2024-07-27
OD-1544,F-1544,Delivered,2024-07-21
OD-1545,F-1545,Shipped,2024-11-08
OD-1546,F-1546,Delivered,2023-01-14
OD-1547,F-1547,Delivered,2023-06-15
OD-1548,F-1548,In Transit,2024-12-27
OD-1549,F-1549,Cancelled,2024-12-01
OD-1550,F-1550,In Transit,2023-07-20
OD-1551,F-1551,Cancelled,2024-07-02
OD-1552,F-1552,Shipped,2023-05-10
OD-1553,F-1553,In Transit,2023-09-22
OD-1554,F-1554,Delivered,2023-02-22
OD-1555,F-1555,Shipped,2024-11-06
OD-1556,F-1556,Returned,2023-06-08
OD-1557,F-1557,Returned,2024-04-04
OD-1558,F-1558,Shipped,2024-11-17
OD-1559,F-1559,Cancelled,2023-06-21
OD-1560,F-1560,Shipped,2023-10-30
OD-1561,F-1561,Returned,2023-03-13
OD-1562,F-1562,Returned,2024-05-08
OD-1563,F-1563,Delivered,2023-09-01
OD-1564,F-1564,Shipped,2024-12-15
OD-1565,F-1565,Cancelled,2023-09-15
OD-1566,F-1566,Shipped,2023-07-11
OD-1567,F-1567,In Transit,2024-07-30
OD-1568,F-1568,Returned,2024-03-16
OD-1569,F-1569,Cancelled,2024-08-10
OD-1570,F-1570,Delivered,2023-02-26
OD-1571,F-1571,Returned,2023-01-22
OD-1572,F-1572,Cancelled,2024-03-01
OD-1573,F-1573,Shipped,2023-08-14
OD-1574,F-1574,Delivered,2023-10-18
OD-1575,F-1575,Returned,2023-04-08
OD-1576,F-1576,Returned,2024-11-09
OD-1577,F-1577,Returned,2024-06-01
OD-1578,F-1578,Cancelled,2024-04-11
OD-1579,F-1579,In Transit,2023-06-30
OD-1580,F-1580,Cancelled,2023-11-04
OD-1581,F-1581,In Transit,2023-08-06
OD-1582,F-1582,Cancelled,2024-05-02
OD-1583,F-1583,In Transit,2023-04-25
OD-1584,F-1584,In Transit,2024-12-26
OD-1585,F-1585,In Transit,2024-11-15
OD-1586,F-1586,In Transit,2023-10-15
OD-1587,F-1587,Shipped,2024-07-06
OD-1588,F-1588,Cancelled,2023-04-28
OD-1589,F-1589,Cancelled,2023-05-15
OD-1590,F-1590,In Transit,2024-07-14
OD-1591,F-1591,Cancelled,2024-05-20
OD-1592,F-1592,In Transit,2024-03-17
OD-1593,F-1593,Shipped,2023-02-02
OD-1594,F-1594,Shipped,2024-10-23
OD-1595,F-1595,Delivered,2024-10-29
OD-1596,F-1596,Shipped,2024-06-04
OD-1597,F-1597,Cancelled,2024-11-24
OD-1598,F-1598,Returned,2023-07-06
OD-1599,F-1599,Delivered,2024-04-25
OD-1600,F-1600,In Transit,2024-10-23
OD-1601,F-1601,In Transit,2023-09-09
OD-1602,F-1602,Shipped,2023-02-28
OD-1603,F-1603,Cancelled,2024-05-04
OD-1604,F-1604,In Transit,2024-10-04
OD-1605,F-1605,Shipped,2023-02-28
OD-1606,F-1606,Cancelled,2023-01-10
OD-1607,F-1607,Shipped,2024-06-22
OD-1608,F-1608,In Transit,2024-11-26
OD-1609,F-1609,In Transit,2024-11-15
OD-1610,F-1610,Shipped,2023-05-19
OD-1611,F-1611,Returned,2023-04-01
OD-1612,F-1612,Returned,2024-01-22
OD-1613,F-1613,In Transit,2024-01-19
OD-1614,F-1614,Delivered,2023-02-01
OD-1615,F-1615,Shipped,2024-07-02
OD-1616,F-1616,In Transit,2024-06-03
OD-1617,F-1617,In Transit,2023-03-11
OD-1618,F-1618,Shipped,2024-01-06
OD-1619,F-1619,Returned,2023-04-25
OD-1620,F-1620,Cancelled,2024-07-16
OD-1621,F-1621,Shipped,2024-05-24
OD-1622,F-1622,Returned,2023-03-27
OD-1623,F-1623,In Transit,2024-02-23
OD-1624,F-1624,Cancelled,2024-08-26
OD-1625,F-1625,Returned,2023-01-23
OD-1626,F-1626,Delivered,2023-05-11
OD-1627,F-1627,Cancelled,2023-03-04
OD-1628,F-1628,Cancelled,2023-04-30
OD-1629,F-1629,In Transit,2024-08-28
OD-1630,F-1630,Returned,2024-09-18
OD-1631,F-1631,In Transit,2023-03-26
OD-1632,F-1632,Returned,2023-02-18
OD-1633,F-1633,Returned,2023-02-21
OD-1634,F-1634,Returned,2023-07-24
OD-1635,F-1635,Delivered,2023-01-31
OD-1636,F-1636,Shipped,2023-07-06
OD-1637,F-1637,Returned,2023-07-16
OD-1638,F-1638,Shipped,2024-10-04
OD-1639,F-1639,Delivered,2023-01-13
OD-1640,F-1640,In Transit,2024-07-22
OD-1641,F-1641,Shipped,2023-05-17
OD-1642,F-1642,Delivered,2024-01-19
OD-1643,F-1643,Cancelled,2025-01-09
OD-1644,F-1644,Cancelled,2024-03-12
OD-1645,F-1645,Cancelled,2024-11-27
OD-1646,F-1646,Delivered,2024-10-17
OD-1647,F-1647,In Transit,2024-08-10
OD-1648,F-1648,Cancelled,2023-08-25
OD-1649,F-1649,Returned,2024-02-26
OD-1650,F-1650,Delivered,2024-03-08
OD-1651,F-1651,Cancelled,2024-06-21
OD-1652,F-1652,Shipped,2023-01-26
OD-1653,F-1653,In Transit,2024-08-12
OD-1654,F-1654,Cancelled,2024-07-14
OD-1655,F-1655,Cancelled,2024-02-23
OD-1656,F-1656,Shipped,2024-11-26
OD-1657,F-1657,Cancelled,2023-10-07
OD-1658,F-1658,Shipped,2023-02-02
OD-1659,F-1659,Shipped,2024-09-09
OD-1660,F-1660,Shipped,2024-06-06
OD-1661,F-1661,Delivered,2024-06-27
OD-1662,F-1662,In Transit,2023-12-06
OD-1663,F-1663,In Transit,2024-10-26
OD-1664,F-1664,In Transit,2024-05-30
OD-1665,F-1665,Cancelled,2023-05-28
OD-1666,F-1666,Shipped,2023-04-13
OD-1667,F-1667,Returned,2024-09-10
OD-1668,F-1668,Returned,2023-10-02
OD-1669,F-1669,Delivered,2023-11-23
OD-1670,F-1670,In Transit,2024-04-25
OD-1671,F-1671,Returned,2024-11-27
OD-1672,F-1672,Returned,2023-09-05
OD-1673,F-1673,Cancelled,2024-01-24
OD-1674,F-1674,In Transit,2023-02-22
OD-1675,F-1675,In Transit,2023-02-16
OD-1676,F-1676,Returned,2023-04-19
OD-1677,F-1677,In Transit,2024-06-11
OD-1678,F-1678,Delivered,2024-08-31
OD-1679,F-1679,In Transit,2023-07-04
OD-1680,F-1680,Delivered,2024-07-16
OD-1681,F-1681,Cancelled,2024-08-18
OD-1682,F-1682,Returned,2024-02-25
OD-1683,F-1683,Cancelled,2023-06-08
OD-1684,F-1684,Shipped,2023-07-08
OD-1685,F-1685,Delivered,2024-01-13
OD-1686,F-1686,Cancelled,2023-03-19
OD-1687,F-1687,Returned,2024-04-17
OD-1688,F-1688,Delivered,2024-07-15
OD-1689,F-1689,Cancelled,2024-12-15
OD-1690,F-1690,Delivered,2023-11-05
OD-1691,F-1691,Shipped,2024-06-12
OD-1692,F-1692,Cancelled,2024-07-16
OD-1693,F-1693,Cancelled,2023-01-30
OD-1694,F-1694,Cancelled,2024-04-25
OD-1695,F-1695,Delivered,2024-03-26
OD-1696,F-1696,In Transit,2023-02-17
OD-1697,F-1697,Returned,2024-01-20
OD-1698,F-1698,In Transit,2024-12-06
OD-1699,F-1699,Returned,2023-12-27
OD-1700,F-1700,In Transit,2023-05-28
OD-1701,F-1701,In Transit,2024-07-04
OD-1702,F-1702,Delivered,2023-04-19
OD-1703,F-1703,In Transit,2024-05-17
OD-1704,F-1704,Cancelled,2024-09-02
OD-1705,F-1705,Returned,2023-04-25
OD-1706,F-1706,Delivered,2024-05-26
OD-1707,F-1707,In Transit,2024-05-16
OD-1708,F-1708,Returned,2024-11-25
OD-1709,F-1709,Delivered,2023-07-28
OD-1710,F-1710,Returned,2023-08-10
OD-1711,F-1711,Cancelled,2023-08-03
OD-1712,F-1712,Delivered,2024-05-11
OD-1713,F-1713,Shipped,2023-10-06
OD-1714,F-1714,Returned,2024-04-22
OD-1715,F-1715,In Transit,2023-05-19
OD-1716,F-1716,Cancelled,2023-12-30
OD-1717,F-1717,Returned,2024-03-24
OD-1718,F-1718,Returned,2024-04-01
OD-1719,F-1719,Delivered,2024-11-24
OD-1720,F-1720,Cancelled,2024-09-26
OD-1721,F-1721,Shipped,2024-12-14
OD-1722,F-1722,In Transit,2023-11-14
OD-1723,F-1723,Delivered,2023-12-07
OD-1724,F-1724,Delivered,2024-10-13
OD-1725,F-1725,Returned,2024-06-25
OD-1726,F-1726,Returned,2024-03-15
OD-1727,F-1727,Delivered,2024-01-18
OD-1728,F-1728,Shipped,2024-07-02
OD-1729,F-1729,Cancelled,2023-05-16
OD-1730,F-1730,Returned,2023-01-15
OD-1731,F-1731,Returned,2024-04-28
OD-1732,F-1732,Returned,2024-04-20
OD-1733,F-1733,Cancelled,2024-08-02
OD-1734,F-1734,Cancelled,2024-10-03
OD-1735,F-1735,Returned,2023-02-27
OD-1736,F-1736,Shipped,2023-08-13
OD-1737,F-1737,In Transit,2024-08-21
OD-1738,F-1738,Cancelled,2023-12-06
OD-1739,F-1739,In Transit,2023-12-09
OD-1740,F-1740,In Transit,2023-10-10
OD-1741,F-1741,Cancelled,2023-09-17
OD-1742,F-1742,Shipped,2024-09-26
OD-1743,F-1743,Cancelled,2023-03-22
OD-1744,F-1744,Cancelled,2023-08-12
OD-1745,F-1745,Delivered,2023-09-10
OD-1746,F-1746,Delivered,2023-02-27
OD-1747,F-1747,In Transit,2024-12-10
OD-1748,F-1748,Returned,2024-01-27
OD-1749,F-1749,Returned,2023-02-16
OD-1750,F-1750,In Transit,2024-08-17
OD-1751,F-1751,Cancelled,2024-08-11
OD-1752,F-1752,In Transit,2023-04-15
OD-1753,F-1753,In Transit,2023-01-09
OD-1754,F-1754,In Transit,2024-09-19
OD-1755,F-1755,Shipped,2024-12-06
OD-1756,F-1756,In Transit,2023-04-05
OD-1757,F-1757,Returned,2024-10-04
OD-1758,F-1758,Returned,2023-08-16
OD-1759,F-1759,Shipped,2024-11-17
OD-1760,F-1760,Returned,2023-07-10
OD-1761,F-1761,Cancelled,2023-01-13
OD-1762,F-1762,Returned,2024-09-04
OD-1763,F-1763,In Transit,2024-11-08
OD-1764,F-1764,In Transit,2023-01-21
OD-1765,F-1765,In Transit,2024-07-22
OD-1766,F-1766,Returned,2023-03-20
OD-1767,F-1767,In Transit,2024-05-07
OD-1768,F-1768,In Transit,2023-04-06
OD-1769,F-1769,Shipped,2024-07-01
OD-1770,F-1770,Returned,2023-02-10
OD-1771,F-1771,Delivered,2024-10-20
OD-1772,F-1772,Delivered,2023-12-28
OD-1773,F-1773,Cancelled,2023-09-17
OD-1774,F-1774,In Transit,2023-05-16
OD-1775,F-1775,Shipped,2023-04-13
OD-1776,F-1776,Shipped,2024-11-19
OD-1777,F-1777,Returned,2024-04-27
OD-1778,F-1778,Delivered,2025-01-05
OD-1779,F-1779,Shipped,2024-05-22
OD-1780,F-1780,Returned,2024-08-10
OD-1781,F-1781,In Transit,2024-05-30
OD-1782,F-1782,Returned,2023-07-31
OD-1783,F-1783,Returned,2023-03-26
OD-1784,F-1784,Cancelled,2024-02-24
OD-1785,F-1785,Delivered,2023-02-24
OD-1786,F-1786,Cancelled,2023-10-02
OD-1787,F-1787,Delivered,2024-12-27
OD-1788,F-1788,Cancelled,2024-09-03
OD-1789,F-1789,Returned,2023-08-21
OD-1790,F-1790,In Transit,2023-10-30
OD-1791,F-1791,In Transit,2024-05-16
OD-1792,F-1792,Cancelled,2023-08-07
OD-1793,F-1793,Shipped,2025-01-02
OD-1794,F-1794,Returned,2024-04-19
OD-1795,F-1795,Cancelled,2024-11-15
OD-1796,F-1796,Shipped,2023-09-02
OD-1797,F-1797,Shipped,2024-07-14
OD-1798,F-1798,In Transit,2024-07-23
OD-1799,F-1799,Cancelled,2024-01-09
OD-1800,F-1800,Cancelled,2024-07-12
OD-1801,F-1801,Returned,2024-05-04
OD-1802,F-1802,Cancelled,2024-02-21
OD-1803,F-1803,Cancelled,2023-10-14
OD-1804,F-1804,Delivered,2024-02-08
OD-1805,F-1805,Shipped,2025-01-08
OD-1806,F-1806,Cancelled,2024-07-29
OD-1807,F-1807,In Transit,2024-01-06
OD-1808,F-1808,Cancelled,2024-03-15
OD-1809,F-1809,Shipped,2024-03-19
OD-1810,F-1810,Cancelled,2023-12-20
OD-1811,F-1811,Cancelled,2024-02-23
OD-1812,F-1812,Returned,2023-08-18
OD-1813,F-1813,Returned,2024-05-09
OD-1814,F-1814,Delivered,2023-04-07
OD-1815,F-1815,In Transit,2023-06-22
OD-1816,F-1816,Delivered,2023-12-22
OD-1817,F-1817,Delivered,2023-12-13
OD-1818,F-1818,Delivered,2024-09-28
OD-1819,F-1819,Shipped,2024-03-11
OD-1820,F-1820,Cancelled,2023-10-02
OD-1821,F-1821,Delivered,2024-02-18
OD-1822,F-1822,Returned,2024-06-17
OD-1823,F-1823,Cancelled,2024-07-21
OD-1824,F-1824,Delivered,2024-02-02
OD-1825,F-1825,Shipped,2023-02-24
OD-1826,F-1826,Delivered,2024-01-07
OD-1827,F-1827,Returned,2024-03-13
OD-1828,F-1828,Delivered,2024-11-01
OD-1829,F-1829,Delivered,2023-01-12
OD-1830,F-1830,Delivered,2023-07-11
OD-1831,F-1831,Delivered,2024-09-22
OD-1832,F-1832,Returned,2023-01-24
OD-1833,F-1833,In Transit,2024-08-14
OD-1834,F-1834,Returned,2023-02-05
OD-1835,F-1835,Shipped,2024-10-16
OD-1836,F-1836,Returned,2024-09-12
OD-1837,F-1837,Returned,2023-07-07
OD-1838,F-1838,Shipped,2024-02-23
OD-1839,F-1839,Cancelled,2025-01-06
OD-1840,F-1840,Returned,2024-07-12
OD-1841,F-1841,Shipped,2023-04-01
OD-1842,F-1842,Shipped,2023-05-27
OD-1843,F-1843,Delivered,2023-03-05
OD-1844,F-1844,Cancelled,2024-09-03
OD-1845,F-1845,In Transit,2023-06-28
OD-1846,F-1846,Delivered,2023-09-03
OD-1847,F-1847,Delivered,2023-09-27
OD-1848,F-1848,Returned,2023-03-24
OD-1849,F-1849,Returned,2024-05-27
OD-1850,F-1850,In Transit,2023-08-09
OD-1851,F-1851,Delivered,2024-07-14
OD-1852,F-1852,Shipped,2023-03-09
OD-1853,F-1853,Cancelled,2023-07-26
OD-1854,F-1854,Shipped,2024-10-07
OD-1855,F-1855,Returned,2024-10-20
OD-1856,F-1856,Delivered,2024-03-17
OD-1857,F-1857,Delivered,2023-10-05
OD-1858,F-1858,Delivered,2024-09-28
OD-1859,F-1859,Returned,2023-06-10
OD-1860,F-1860,Delivered,2024-03-13
OD-1861,F-1861,Returned,2024-08-21
OD-1862,F-1862,In Transit,2023-09-02
OD-1863,F-1863,In Transit,2024-08-03
OD-1864,F-1864,Returned,2023-06-06
OD-1865,F-1865,In Transit,2023-08-14
OD-1866,F-1866,Shipped,2023-05-02
OD-1867,F-1867,Cancelled,2024-04-19
OD-1868,F-1868,Cancelled,2024-07-27
OD-1869,F-1869,In Transit,2024-01-19
OD-1870,F-1870,Shipped,2024-11-06
OD-1871,F-1871,Cancelled,2024-07-25
OD-1872,F-1872,Returned,2023-02-14
OD-1873,F-1873,Shipped,2023-10-22
OD-1874,F-1874,Delivered,2023-02-25
OD-1875,F-1875,In Transit,2024-02-10
OD-1876,F-1876,Shipped,2024-07-17
OD-1877,F-1877,Cancelled,2024-08-04
OD-1878,F-1878,Cancelled,2024-08-12
OD-1879,F-1879,Cancelled,2023-09-06
OD-1880,F-1880,Cancelled,2024-05-18
OD-1881,F-1881,Cancelled,2023-03-23
OD-1882,F-1882,Cancelled,2023-05-25
OD-1883,F-1883,Shipped,2024-02-04
OD-1884,F-1884,Delivered,2024-01-20
OD-1885,F-1885,Returned,2024-04-20
OD-1886,F-1886,Shipped,2023-03-24
OD-1887,F-1887,Cancelled,2023-05-26
OD-1888,F-1888,Delivered,2024-08-31
OD-1889,F-1889,Returned,2023-12-28
OD-1890,F-1890,Shipped,2024-08-23
OD-1891,F-1891,Returned,2023-02-27
OD-1892,F-1892,In Transit,2023-07-04
OD-1893,F-1893,Shipped,2024-09-19
OD-1894,F-1894,In Transit,2024-06-22
OD-1895,F-1895,Returned,2024-02-05
OD-1896,F-1896,Cancelled,2024-07-31
OD-1897,F-1897,Shipped,2024-11-06
OD-1898,F-1898,Returned,2023-02-26
OD-1899,F-1899,Shipped,2023-11-24
OD-1900,F-1900,Cancelled,2024-08-02
OD-1901,F-1901,In Transit,2024-07-29
OD-1902,F-1902,In Transit,2023-05-09
OD-1903,F-1903,Delivered,2024-07-07
OD-1904,F-1904,Returned,2024-07-31
OD-1905,F-1905,In Transit,2024-01-11
OD-1906,F-1906,In Transit,2023-10-16
OD-1907,F-1907,Delivered,2023-09-25
OD-1908,F-1908,Shipped,2024-02-06
OD-1909,F-1909,Returned,2024-04-06
OD-1910,F-1910,Cancelled,2024-01-10
OD-1911,F-1911,Cancelled,2023-12-01
OD-1912,F-1912,Cancelled,2023-03-30
OD-1913,F-1913,Shipped,2023-12-11
OD-1914,F-1914,Delivered,2024-10-16
OD-1915,F-1915,In Transit,2024-12-19
OD-1916,F-1916,In Transit,2024-08-04
OD-1917,F-1917,In Transit,2023-02-26
OD-1918,F-1918,Returned,2024-12-05
OD-1919,F-1919,Cancelled,2023-04-22
OD-1920,F-1920,Shipped,2024-12-31
OD-1921,F-1921,In Transit,2024-11-26
OD-1922,F-1922,Returned,2023-01-09
OD-1923,F-1923,In Transit,2023-10-22
OD-1924,F-1924,In Transit,2024-09-30
OD-1925,F-1925,Shipped,2023-12-18
OD-1926,F-1926,Cancelled,2024-08-14
OD-1927,F-1927,Delivered,2023-03-11
OD-1928,F-1928,In Transit,2024-05-10
OD-1929,F-1929,Returned,2024-08-19
OD-1930,F-1930,Delivered,2023-06-14
OD-1931,F-1931,In Transit,2023-08-14
OD-1932,F-1932,In Transit,2023-09-22
OD-1933,F-1933,Returned,2023-04-10
OD-1934,F-1934,Delivered,2023-09-18
OD-1935,F-1935,Cancelled,2023-04-05
OD-1936,F-1936,Cancelled,2023-12-16
OD-1937,F-1937,Returned,2024-09-03
OD-1938,F-1938,Delivered,2024-03-14
OD-1939,F-1939,Shipped,2023-09-23
OD-1940,F-1940,In Transit,2023-12-23
OD-1941,F-1941,Delivered,2023-04-15
OD-1942,F-1942,Cancelled,2024-06-25
OD-1943,F-1943,Cancelled,2023-05-02
OD-1944,F-1944,Shipped,2023-11-21
OD-1945,F-1945,Returned,2024-12-31
OD-1946,F-1946,Cancelled,2024-09-14
OD-1947,F-1947,Shipped,2024-06-07
OD-1948,F-1948,In Transit,2024-05-13
OD-1949,F-1949,Delivered,2024-10-04
OD-1950,F-1950,Returned,2023-10-16
OD-1951,F-1951,Shipped,2024-08-18
OD-1952,F-1952,In Transit,2023-02-26
OD-1953,F-1953,Delivered,2024-01-08
OD-1954,F-1954,Returned,2023-05-16
OD-1955,F-1955,Returned,2024-12-08
OD-1956,F-1956,Shipped,2023-04-12
OD-1957,F-1957,In Transit,2024-03-03
OD-1958,F-1958,In Transit,2023-08-18
OD-1959,F-1959,In Transit,2023-10-14
OD-1960,F-1960,Returned,2023-05-09
OD-1961,F-1961,In Transit,2024-02-15
OD-1962,F-1962,Delivered,2023-04-04
OD-1963,F-1963,Returned,2023-09-26
OD-1964,F-1964,Shipped,2024-09-18
OD-1965,F-1965,In Transit,2023-06-29
OD-1966,F-1966,Returned,2023-04-06
OD-1967,F-1967,Shipped,2023-12-22
OD-1968,F-1968,Cancelled,2024-10-16
OD-1969,F-1969,Delivered,2023-09-11
OD-1970,F-1970,In Transit,2023-09-12
OD-1971,F-1971,In Transit,2024-01-15
OD-1972,F-1972,Returned,2023-09-14
OD-1973,F-1973,Returned,2023-10-07
OD-1974,F-1974,Delivered,2024-08-28
OD-1975,F-1975,Returned,2024-08-08
OD-1976,F-1976,In Transit,2024-06-06
OD-1977,F-1977,Shipped,2023-07-11
OD-1978,F-1978,Returned,2023-11-14
OD-1979,F-1979,Shipped,2024-08-16
OD-1980,F-1980,Delivered,2024-04-12
OD-1981,F-1981,In Transit,2023-02-28
OD-1982,F-1982,Returned,2023-11-07
OD-1983,F-1983,Cancelled,2024-04-15
OD-1984,F-1984,Shipped,2024-05-26
OD-1985,F-1985,In Transit,2024-04-09
OD-1986,F-1986,Delivered,2023-10-20
OD-1987,F-1987,Shipped,2024-05-29
OD-1988,F-1988,In Transit,2023-06-10
OD-1989,F-1989,Shipped,2023-11-30
OD-1990,F-1990,Shipped,2023-02-27
OD-1991,F-1991,Shipped,2023-12-02
OD-1992,F-1992,Returned,2023-07-09
OD-1993,F-1993,Cancelled,2023-05-08
OD-1994,F-1994,In Transit,2023-08-20
OD-1995,F-1995,Cancelled,2023-07-26
OD-1996,F-1996,Delivered,2023-02-02
OD-1997,F-1997,In Transit,2023-12-31
OD-1998,F-1998,Delivered,2023-08-23
OD-1999,F-1999,In Transit,2024-12-15
OD-2000,F-2000,Cancelled,2023-12-27
