﻿payment_id,order_id,payment_type,payment_date,amount
CoD-1,F-1,Cash on Delivery,2024-01-27,426.54
DC-2,F-2,Debit Card,2023-07-04,137.04
DC-3,F-3,Debit Card,2024-01-02,4254.3
CoD-4,F-4,Cash on Delivery,2023-02-27,289.2
CC-5,F-5,Credit Card,2024-12-15,886.89
CoD-6,F-6,Cash on Delivery,2024-05-19,2920.25
PP-7,F-7,PayPal,2023-01-21,4473.4
DC-8,F-8,Debit Card,2023-03-02,189.82
PP-9,F-9,PayPal,2024-01-18,2271.28
DC-10,F-10,Debit Card,2024-03-23,2228.56
PP-11,F-11,PayPal,2024-08-26,591.26
CC-12,F-12,Credit Card,2024-08-09,2745.08
CoD-13,F-13,Cash on Delivery,2023-08-15,1583.1
CC-14,F-14,Credit Card,2023-11-24,284.36
CC-15,F-15,Credit Card,2024-12-10,894.68
CoD-16,F-16,Cash on Delivery,2023-06-20,548.16
CC-17,F-17,Credit Card,2024-08-14,1015.82
CoD-18,F-18,Cash on Delivery,2023-03-17,1703.46
CoD-19,F-19,Cash on Delivery,2023-12-13,2456.3
PP-20,F-20,PayPal,2024-03-20,1168.1
PP-21,F-21,PayPal,2024-07-07,1217.52
CC-22,F-22,Credit Card,2024-05-17,1904.16
CC-23,F-23,Credit Card,2024-09-06,1965.04
CoD-24,F-24,Cash on Delivery,2023-04-29,2856.24
PP-25,F-25,PayPal,2023-07-09,1671.42
CC-26,F-26,Credit Card,2023-09-27,1168.1
CC-27,F-27,Credit Card,2024-02-28,4120.85
CoD-28,F-28,Cash on Delivery,2024-05-01,2566.35
DC-29,F-29,Debit Card,2023-02-05,1478.15
CC-30,F-30,Credit Card,2023-07-17,1904.16
CC-31,F-31,Credit Card,2024-09-01,419.73
CC-32,F-32,Credit Card,2023-10-10,3686.55
CC-33,F-33,Credit Card,2024-08-03,699.55
PP-34,F-34,PayPal,2024-07-02,597.45
CoD-35,F-35,Cash on Delivery,2023-06-26,569.46
PP-36,F-36,PayPal,2023-09-01,824.17
CC-37,F-37,Credit Card,2023-11-15,597.45
CC-38,F-38,Credit Card,2023-11-25,107.13
CC-39,F-39,Credit Card,2024-05-11,4120.85
CC-40,F-40,Credit Card,2024-02-18,279.82
PP-41,F-41,PayPal,2023-09-13,491.26
DC-42,F-42,Debit Card,2024-02-11,139.91
DC-43,F-43,Debit Card,2024-08-23,4760.4
DC-44,F-44,Debit Card,2023-06-16,2539.55
CC-45,F-45,Credit Card,2024-02-24,2785.7
PP-46,F-46,PayPal,2023-08-18,364.08
PP-47,F-47,PayPal,2024-04-15,419.73
PP-48,F-48,PayPal,2024-06-07,949.86
PP-49,F-49,PayPal,2024-10-17,107.13
PP-50,F-50,PayPal,2023-02-28,1478.15
CC-51,F-51,Credit Card,2024-03-04,485.44
PP-52,F-52,PayPal,2024-07-01,2053.08
CoD-53,F-53,Cash on Delivery,2024-07-25,982.52
DC-54,F-54,Debit Card,2023-07-07,355.92
PP-55,F-55,PayPal,2023-12-06,411.12
CC-56,F-56,Credit Card,2024-08-20,1583.1
CC-57,F-57,Credit Card,2024-01-26,4254.3
DC-58,F-58,Debit Card,2024-08-06,3296.68
PP-59,F-59,PayPal,2024-10-11,491.26
CoD-60,F-60,Cash on Delivery,2023-04-01,1904.16
PP-61,F-61,PayPal,2023-02-08,1583.1
DC-62,F-62,Debit Card,2023-01-19,584.05
CC-63,F-63,Credit Card,2024-05-30,2456.3
CoD-64,F-64,Cash on Delivery,2024-06-16,2566.35
CoD-65,F-65,Cash on Delivery,2023-07-12,1015.82
CC-66,F-66,Credit Card,2023-01-23,4760.4
CC-67,F-67,Credit Card,2024-07-01,1583.1
PP-68,F-68,PayPal,2024-03-30,2031.64
CC-69,F-69,Credit Card,2023-01-10,419.73
CC-70,F-70,Credit Card,2024-03-04,144.6
DC-71,F-71,Debit Card,2024-09-15,1701.72
CoD-72,F-72,Cash on Delivery,2024-05-23,1904.16
DC-73,F-73,Debit Card,2023-04-24,2961.1
PP-74,F-74,PayPal,2023-09-20,591.26
PP-75,F-75,PayPal,2023-02-10,1703.46
DC-76,F-76,Debit Card,2023-01-10,398.3
PP-77,F-77,PayPal,2023-10-02,142.18
CoD-78,F-78,Cash on Delivery,2023-10-06,1965.04
CoD-79,F-79,Cash on Delivery,2023-03-02,279.82
DC-80,F-80,Debit Card,2024-09-18,507.91
PP-81,F-81,PayPal,2023-02-17,567.82
PP-82,F-82,PayPal,2024-08-01,279.82
CoD-83,F-83,Cash on Delivery,2024-03-19,1474.62
CoD-84,F-84,Cash on Delivery,2023-01-12,1372.54
CC-85,F-85,Credit Card,2023-09-04,569.46
CoD-86,F-86,Cash on Delivery,2023-08-29,35.71
CoD-87,F-87,Cash on Delivery,2024-10-31,405.84
DC-88,F-88,Debit Card,2024-09-10,2456.3
CoD-89,F-89,Cash on Delivery,2024-04-10,1217.52
PP-90,F-90,PayPal,2023-08-16,491.26
CoD-91,F-91,Cash on Delivery,2023-06-18,796.6
DC-92,F-92,Debit Card,2024-02-07,71.42
CoD-93,F-93,Cash on Delivery,2024-11-19,1583.1
CoD-94,F-94,Cash on Delivery,2023-01-05,2029.2
DC-95,F-95,Debit Card,2024-12-09,2029.2
DC-96,F-96,Debit Card,2024-05-31,759.28
PP-97,F-97,PayPal,2024-04-08,811.68
PP-98,F-98,PayPal,2024-10-09,1701.72
PP-99,F-99,PayPal,2024-05-30,2029.2
PP-100,F-100,PayPal,2024-11-14,2228.56
DC-101,F-101,Debit Card,2023-05-29,861.51
PP-102,F-102,PayPal,2023-05-30,850.86
DC-103,F-103,Debit Card,2023-04-15,995.75
CoD-104,F-104,Cash on Delivery,2023-10-22,737.31
CoD-105,F-105,Cash on Delivery,2023-09-15,1026.54
DC-106,F-106,Debit Card,2024-09-09,1723.02
CC-107,F-107,Credit Card,2023-07-11,1372.54
PP-108,F-108,PayPal,2023-05-14,591.26
CC-109,F-109,Credit Card,2023-02-10,1026.54
DC-110,F-110,Debit Card,2023-03-16,1523.73
PP-111,F-111,PayPal,2024-07-10,2539.55
CoD-112,F-112,Cash on Delivery,2023-10-28,289.2
DC-113,F-113,Debit Card,2023-09-04,1069.15
PP-114,F-114,PayPal,2024-01-31,1523.73
PP-115,F-115,PayPal,2024-06-04,2053.08
CC-116,F-116,Credit Card,2023-06-21,3686.55
CoD-117,F-117,Cash on Delivery,2023-07-30,2839.1
DC-118,F-118,Debit Card,2023-02-08,35.71
CoD-119,F-119,Cash on Delivery,2023-09-22,2745.08
CC-120,F-120,Credit Card,2024-07-01,35.71
PP-121,F-121,PayPal,2023-10-24,1325.61
DC-122,F-122,Debit Card,2024-04-30,1114.28
CC-123,F-123,Credit Card,2023-11-02,1776.66
CC-124,F-124,Credit Card,2024-08-09,1583.1
DC-125,F-125,Debit Card,2023-12-19,279.82
CC-126,F-126,Credit Card,2023-07-18,850.86
DC-127,F-127,Debit Card,2024-11-18,567.82
CC-128,F-128,Credit Card,2023-08-29,139.91
DC-129,F-129,Debit Card,2024-11-06,2477.16
CoD-130,F-130,Cash on Delivery,2023-11-17,633.24
PP-131,F-131,PayPal,2024-05-06,142.84
DC-132,F-132,Debit Card,2023-03-25,1752.15
CC-133,F-133,Credit Card,2023-03-20,491.26
CoD-134,F-134,Cash on Delivery,2023-09-24,4254.3
CC-135,F-135,Credit Card,2024-08-26,569.46
DC-136,F-136,Debit Card,2024-09-20,591.26
CoD-137,F-137,Cash on Delivery,2024-11-06,1015.82
CC-138,F-138,Credit Card,2023-03-06,949.86
CC-139,F-139,Credit Card,2024-04-25,2228.56
DC-140,F-140,Debit Card,2023-10-08,949.86
DC-141,F-141,Debit Card,2024-06-13,2058.81
CC-142,F-142,Credit Card,2024-05-13,568.72
DC-143,F-143,Debit Card,2024-06-10,2058.81
PP-144,F-144,PayPal,2024-11-07,71.42
CoD-145,F-145,Cash on Delivery,2024-08-27,289.2
CC-146,F-146,Credit Card,2023-06-14,1135.64
CC-147,F-147,Credit Card,2024-06-13,578.4
CoD-148,F-148,Cash on Delivery,2024-05-08,1474.62
PP-149,F-149,PayPal,2024-11-06,710.9
DC-150,F-150,Debit Card,2024-01-30,1168.1
CC-151,F-151,Credit Card,2024-09-12,189.82
CC-152,F-152,Credit Card,2024-11-06,1723.02
CoD-153,F-153,Cash on Delivery,2024-12-15,995.75
DC-154,F-154,Debit Card,2024-12-14,1583.1
CoD-155,F-155,Cash on Delivery,2023-10-18,4120.85
CC-156,F-156,Credit Card,2024-08-14,1583.1
PP-157,F-157,PayPal,2024-01-06,824.17
CoD-158,F-158,Cash on Delivery,2023-10-10,1266.48
PP-159,F-159,PayPal,2024-07-22,142.84
DC-160,F-160,Debit Card,2023-05-02,982.52
CC-161,F-161,Credit Card,2024-07-17,995.75
CoD-162,F-162,Cash on Delivery,2023-05-29,1965.04
CoD-163,F-163,Cash on Delivery,2024-09-15,118.64
DC-164,F-164,Debit Card,2023-06-29,1965.04
DC-165,F-165,Debit Card,2024-06-06,2566.35
PP-166,F-166,PayPal,2023-03-30,886.89
PP-167,F-167,PayPal,2024-12-21,513.27
CoD-168,F-168,Cash on Delivery,2023-08-20,178.55
PP-169,F-169,PayPal,2024-06-02,824.17
CoD-170,F-170,Cash on Delivery,2024-07-04,1583.1
CC-171,F-171,Credit Card,2023-12-14,796.6
CoD-172,F-172,Cash on Delivery,2023-08-14,633.24
PP-173,F-173,PayPal,2023-09-12,886.89
PP-174,F-174,PayPal,2023-12-29,982.52
DC-175,F-175,Debit Card,2023-09-05,1703.46
CoD-176,F-176,Cash on Delivery,2023-05-03,441.87
PP-177,F-177,PayPal,2024-01-16,4307.55
DC-178,F-178,Debit Card,2023-10-14,485.44
DC-179,F-179,Debit Card,2023-02-03,4120.85
DC-180,F-180,Debit Card,2024-12-06,491.26
DC-181,F-181,Debit Card,2023-09-23,633.24
CoD-182,F-182,Cash on Delivery,2023-07-08,2053.08
DC-183,F-183,Debit Card,2023-07-04,995.75
DC-184,F-184,Debit Card,2024-01-26,627.24
PP-185,F-185,PayPal,2024-10-07,593.2
DC-186,F-186,Debit Card,2023-02-18,568.72
PP-187,F-187,PayPal,2023-04-09,559.64
PP-188,F-188,PayPal,2023-12-19,316.62
CoD-189,F-189,Cash on Delivery,2023-06-28,2211.93
PP-190,F-190,PayPal,2024-10-08,242.72
PP-191,F-191,PayPal,2023-03-23,1135.64
PP-192,F-192,PayPal,2024-02-09,1539.81
CC-193,F-193,Credit Card,2023-05-09,379.64
CoD-194,F-194,Cash on Delivery,2024-04-29,1478.15
DC-195,F-195,Debit Card,2023-03-28,2053.08
PP-196,F-196,PayPal,2023-06-24,686.27
DC-197,F-197,Debit Card,2023-10-06,4120.85
CoD-198,F-198,Cash on Delivery,2024-06-30,364.08
PP-199,F-199,PayPal,2024-01-10,1182.52
CC-200,F-200,Credit Card,2023-12-19,355.92
CC-201,F-201,Credit Card,2023-10-27,1568.1
CoD-202,F-202,Cash on Delivery,2024-03-23,142.84
PP-203,F-203,PayPal,2023-09-03,2456.3
CC-204,F-204,Credit Card,2023-03-12,1168.1
DC-205,F-205,Debit Card,2024-05-18,284.36
CoD-206,F-206,Cash on Delivery,2023-10-16,1703.46
CoD-207,F-207,Cash on Delivery,2023-08-11,419.73
CoD-208,F-208,Cash on Delivery,2023-03-24,71.42
DC-209,F-209,Debit Card,2024-01-26,850.86
DC-210,F-210,Debit Card,2024-04-16,850.86
CC-211,F-211,Credit Card,2023-06-12,189.82
DC-212,F-212,Debit Card,2023-02-23,289.2
DC-213,F-213,Debit Card,2024-08-21,35.71
CC-214,F-214,Credit Card,2024-12-05,4760.4
DC-215,F-215,Debit Card,2023-12-13,189.82
CoD-216,F-216,Cash on Delivery,2024-07-25,886.89
CoD-217,F-217,Cash on Delivery,2023-05-18,419.73
PP-218,F-218,PayPal,2023-07-14,4760.4
DC-219,F-219,Debit Card,2024-07-21,1026.54
CoD-220,F-220,Cash on Delivery,2024-04-09,513.27
CC-221,F-221,Credit Card,2024-09-27,1723.02
PP-222,F-222,PayPal,2024-07-18,811.68
DC-223,F-223,Debit Card,2023-03-10,491.26
CoD-224,F-224,Cash on Delivery,2023-04-12,139.91
CC-225,F-225,Credit Card,2023-02-20,949.86
CoD-226,F-226,Cash on Delivery,2024-04-24,118.64
CC-227,F-227,Credit Card,2023-02-11,850.86
DC-228,F-228,Debit Card,2024-06-28,1266.48
CoD-229,F-229,Cash on Delivery,2023-04-19,949.1
DC-230,F-230,Debit Card,2024-02-16,4760.4
CoD-231,F-231,Cash on Delivery,2024-07-17,1473.78
PP-232,F-232,PayPal,2023-08-08,3446.04
DC-233,F-233,Debit Card,2023-02-05,1776.66
PP-234,F-234,PayPal,2023-11-19,952.08
PP-235,F-235,PayPal,2023-06-08,557.14
PP-236,F-236,PayPal,2023-09-13,1701.72
DC-237,F-237,Debit Card,2023-03-21,107.13
CoD-238,F-238,Cash on Delivery,2024-10-19,433.8
CC-239,F-239,Credit Card,2024-03-20,559.64
CC-240,F-240,Credit Card,2024-10-09,3136.28
CoD-241,F-241,Cash on Delivery,2024-12-15,1474.62
DC-242,F-242,Debit Card,2024-03-18,2684.04
CC-243,F-243,Credit Card,2023-02-20,2539.55
CoD-244,F-244,Cash on Delivery,2023-05-19,3808.32
PP-245,F-245,PayPal,2024-06-20,1904.16
PP-246,F-246,PayPal,2023-04-26,2368.88
CoD-247,F-247,Cash on Delivery,2023-11-09,1184.44
CC-248,F-248,Credit Card,2023-07-24,949.86
CC-249,F-249,Credit Card,2023-10-22,139.91
PP-250,F-250,PayPal,2024-07-04,289.2
CC-251,F-251,Credit Card,2024-12-16,850.86
CC-252,F-252,Credit Card,2024-09-24,2211.93
CoD-253,F-253,Cash on Delivery,2024-01-04,491.26
CC-254,F-254,Credit Card,2023-11-20,1182.52
PP-255,F-255,PayPal,2024-12-30,35.71
PP-256,F-256,PayPal,2023-12-22,426.54
CC-257,F-257,Credit Card,2023-09-21,1965.04
CoD-258,F-258,Cash on Delivery,2024-11-03,811.68
CoD-259,F-259,Cash on Delivery,2024-03-03,1372.54
DC-260,F-260,Debit Card,2023-07-31,1904.16
DC-261,F-261,Debit Card,2023-05-19,2745.08
DC-262,F-262,Debit Card,2023-05-02,811.68
PP-263,F-263,PayPal,2023-11-07,2745.08
DC-264,F-264,Debit Card,2024-09-18,2961.1
CoD-265,F-265,Cash on Delivery,2024-12-05,474.56
CC-266,F-266,Credit Card,2023-05-21,1904.16
CC-267,F-267,Credit Card,2023-08-16,1372.54
CoD-268,F-268,Cash on Delivery,2023-11-29,3296.68
CC-269,F-269,Credit Card,2023-11-17,3446.04
CC-270,F-270,Credit Card,2023-09-09,4760.4
PP-271,F-271,PayPal,2023-07-14,1523.73
CoD-272,F-272,Cash on Delivery,2023-02-25,1583.1
CoD-273,F-273,Cash on Delivery,2024-08-22,723
CC-274,F-274,Credit Card,2024-12-30,1135.64
CoD-275,F-275,Cash on Delivery,2023-06-17,295.63
CoD-276,F-276,Cash on Delivery,2024-06-07,2566.35
DC-277,F-277,Debit Card,2024-08-02,1135.64
CC-278,F-278,Credit Card,2024-04-01,1539.81
CoD-279,F-279,Cash on Delivery,2023-01-13,3403.44
CoD-280,F-280,Cash on Delivery,2023-08-11,2839.1
DC-281,F-281,Debit Card,2023-09-08,1583.1
PP-282,F-282,PayPal,2023-02-07,279.82
DC-283,F-283,Debit Card,2023-06-15,1217.52
CoD-284,F-284,Cash on Delivery,2023-11-03,1473.78
PP-285,F-285,PayPal,2024-04-27,1135.64
CC-286,F-286,Credit Card,2023-08-03,3686.55
PP-287,F-287,PayPal,2024-03-13,995.75
CoD-288,F-288,Cash on Delivery,2024-09-21,4760.4
CC-289,F-289,Credit Card,2023-10-25,427.66
PP-290,F-290,PayPal,2024-02-29,3302.88
PP-291,F-291,PayPal,2023-10-16,2472.51
CC-292,F-292,Credit Card,2023-04-27,949.86
DC-293,F-293,Debit Card,2024-05-05,2228.56
CoD-294,F-294,Cash on Delivery,2023-12-10,2949.24
DC-295,F-295,Debit Card,2023-11-20,710.9
DC-296,F-296,Debit Card,2023-02-01,1217.52
PP-297,F-297,PayPal,2023-11-12,2477.16
PP-298,F-298,PayPal,2024-04-07,419.73
CC-299,F-299,Credit Card,2023-07-26,784.07
DC-300,F-300,Debit Card,2024-06-20,2584.53
CC-301,F-301,Credit Card,2023-02-07,3302.88
CC-302,F-302,Credit Card,2023-03-31,433.8
DC-303,F-303,Debit Card,2023-01-24,699.55
PP-304,F-304,PayPal,2023-11-23,578.4
PP-305,F-305,PayPal,2024-07-27,710.9
CC-306,F-306,Credit Card,2023-10-18,1069.15
CC-307,F-307,Credit Card,2023-02-21,71.42
CoD-308,F-308,Cash on Delivery,2023-07-03,2029.2
CoD-309,F-309,Cash on Delivery,2024-11-17,1478.15
CoD-310,F-310,Cash on Delivery,2024-04-24,737.31
PP-311,F-311,PayPal,2023-09-22,2477.16
DC-312,F-312,Debit Card,2023-04-26,2856.24
CC-313,F-313,Credit Card,2023-04-16,485.44
CoD-314,F-314,Cash on Delivery,2024-06-29,796.6
CoD-315,F-315,Cash on Delivery,2024-01-29,861.51
CC-316,F-316,Credit Card,2023-08-30,1701.72
DC-317,F-317,Debit Card,2024-07-22,737.31
CC-318,F-318,Credit Card,2024-09-02,2053.08
DC-319,F-319,Debit Card,2024-10-13,861.51
PP-320,F-320,PayPal,2024-04-02,1114.28
CC-321,F-321,Credit Card,2024-03-21,597.45
CC-322,F-322,Credit Card,2023-03-05,1217.52
CoD-323,F-323,Cash on Delivery,2023-10-16,213.83
DC-324,F-324,Debit Card,2023-08-05,1723.02
DC-325,F-325,Debit Card,2023-06-07,1523.73
DC-326,F-326,Debit Card,2024-05-13,2368.88
DC-327,F-327,Debit Card,2024-12-13,2456.3
CoD-328,F-328,Cash on Delivery,2024-01-29,597.45
PP-329,F-329,PayPal,2024-12-30,2839.1
CC-330,F-330,Credit Card,2023-04-26,995.75
CC-331,F-331,Credit Card,2023-10-14,3136.28
PP-332,F-332,PayPal,2023-03-21,723
PP-333,F-333,PayPal,2024-04-09,3686.55
PP-334,F-334,PayPal,2023-10-24,811.68
PP-335,F-335,PayPal,2024-08-09,952.08
PP-336,F-336,PayPal,2023-03-20,419.73
CoD-337,F-337,Cash on Delivery,2023-06-28,2209.35
CC-338,F-338,Credit Card,2024-05-11,1135.64
DC-339,F-339,Debit Card,2024-05-22,2053.08
CC-340,F-340,Credit Card,2023-02-25,426.54
CoD-341,F-341,Cash on Delivery,2024-05-02,995.75
CoD-342,F-342,Cash on Delivery,2023-01-13,597.45
CoD-343,F-343,Cash on Delivery,2023-04-10,4760.4
DC-344,F-344,Debit Card,2023-09-19,1478.15
CC-345,F-345,Credit Card,2023-11-17,723
PP-346,F-346,PayPal,2024-12-02,2271.28
DC-347,F-347,Debit Card,2023-02-28,2456.3
DC-348,F-348,Debit Card,2024-01-20,4760.4
PP-349,F-349,PayPal,2023-03-19,559.64
PP-350,F-350,PayPal,2023-10-11,567.82
DC-351,F-351,Debit Card,2024-03-27,405.84
CC-352,F-352,Credit Card,2024-07-07,2368.88
CC-353,F-353,Credit Card,2024-08-08,1703.46
PP-354,F-354,PayPal,2024-11-11,759.28
CC-355,F-355,Credit Card,2024-05-17,759.28
PP-356,F-356,PayPal,2024-05-08,824.17
PP-357,F-357,PayPal,2023-04-03,1539.81
CoD-358,F-358,Cash on Delivery,2023-07-27,1026.54
CoD-359,F-359,Cash on Delivery,2024-10-07,1325.61
CC-360,F-360,Credit Card,2024-08-30,811.68
PP-361,F-361,PayPal,2023-01-17,199.15
DC-362,F-362,Debit Card,2024-11-14,699.55
CC-363,F-363,Credit Card,2024-10-31,952.08
DC-364,F-364,Debit Card,2023-11-11,507.91
CoD-365,F-365,Cash on Delivery,2023-08-14,825.72
DC-366,F-366,Debit Card,2024-08-12,2566.35
DC-367,F-367,Debit Card,2023-10-08,71.42
CoD-368,F-368,Cash on Delivery,2023-02-11,1723.02
PP-369,F-369,PayPal,2023-01-08,633.24
CoD-370,F-370,Cash on Delivery,2024-10-17,1776.66
CC-371,F-371,Credit Card,2023-07-04,578.4
CC-372,F-372,Credit Card,2023-07-16,567.82
DC-373,F-373,Debit Card,2024-10-03,379.64
CC-374,F-374,Credit Card,2024-05-24,1904.16
CoD-375,F-375,Cash on Delivery,2023-12-09,4254.3
CoD-376,F-376,Cash on Delivery,2023-06-30,1474.62
CoD-377,F-377,Cash on Delivery,2024-03-31,2029.2
CoD-378,F-378,Cash on Delivery,2023-08-22,737.31
CoD-379,F-379,Cash on Delivery,2024-08-22,2949.24
DC-380,F-380,Debit Card,2024-02-01,1217.52
DC-381,F-381,Debit Card,2024-12-09,723
DC-382,F-382,Debit Card,2023-12-18,633.24
CoD-383,F-383,Cash on Delivery,2023-03-30,2745.08
DC-384,F-384,Debit Card,2023-01-15,1623.36
CoD-385,F-385,Cash on Delivery,2023-06-02,2839.1
CoD-386,F-386,Cash on Delivery,2024-05-31,189.82
CoD-387,F-387,Cash on Delivery,2024-07-25,824.17
PP-388,F-388,PayPal,2023-04-03,513.27
DC-389,F-389,Debit Card,2023-01-25,3403.44
CC-390,F-390,Credit Card,2024-04-20,491.26
DC-391,F-391,Debit Card,2023-10-04,2961.1
CC-392,F-392,Credit Card,2024-06-11,1473.78
CC-393,F-393,Credit Card,2024-01-11,1026.54
DC-394,F-394,Debit Card,2024-07-06,295.63
CC-395,F-395,Credit Card,2024-11-27,2949.24
PP-396,F-396,PayPal,2023-05-06,2745.08
CoD-397,F-397,Cash on Delivery,2023-03-09,1701.72
CC-398,F-398,Credit Card,2023-03-20,199.15
DC-399,F-399,Debit Card,2024-10-04,825.72
CC-400,F-400,Credit Card,2023-01-22,1539.81
CoD-401,F-401,Cash on Delivery,2023-12-18,2584.53
PP-402,F-402,PayPal,2023-06-25,886.89
PP-403,F-403,PayPal,2023-06-20,2456.3
CC-404,F-404,Credit Card,2023-06-07,591.26
CC-405,F-405,Credit Card,2023-07-08,398.3
CC-406,F-406,Credit Card,2023-06-16,4120.85
PP-407,F-407,PayPal,2023-11-24,1568.14
CoD-408,F-408,Cash on Delivery,2024-08-10,398.3
CC-409,F-409,Credit Card,2023-05-23,4760.4
DC-410,F-410,Debit Card,2023-04-05,1523.73
CoD-411,F-411,Cash on Delivery,2023-07-20,405.84
CC-412,F-412,Credit Card,2024-09-09,1478.15
PP-413,F-413,PayPal,2024-01-14,2368.88
CoD-414,F-414,Cash on Delivery,2023-03-31,71.42
CC-415,F-415,Credit Card,2024-03-10,2053.08
CoD-416,F-416,Cash on Delivery,2023-12-10,686.27
DC-417,F-417,Debit Card,2024-02-29,274.08
PP-418,F-418,PayPal,2024-05-17,850.86
PP-419,F-419,PayPal,2023-01-28,405.84
DC-420,F-420,Debit Card,2024-03-03,398.3
CoD-421,F-421,Cash on Delivery,2024-09-05,886.89
CC-422,F-422,Credit Card,2024-01-18,178.55
CC-423,F-423,Credit Card,2024-04-17,591.26
CC-424,F-424,Credit Card,2023-02-19,1523.73
PP-425,F-425,PayPal,2023-04-07,593.2
PP-426,F-426,PayPal,2024-01-07,824.17
DC-427,F-427,Debit Card,2024-05-11,559.64
CC-428,F-428,Credit Card,2024-07-26,2920.25
PP-429,F-429,PayPal,2023-01-18,3808.32
CC-430,F-430,Credit Card,2023-12-17,1651.44
DC-431,F-431,Debit Card,2024-12-05,1184.44
CoD-432,F-432,Cash on Delivery,2023-03-21,213.83
CC-433,F-433,Credit Card,2024-06-09,2456.3
DC-434,F-434,Debit Card,2023-04-09,121.36
PP-435,F-435,PayPal,2023-05-30,1473.78
CC-436,F-436,Credit Card,2024-09-19,1026.54
CC-437,F-437,Credit Card,2023-07-16,107.13
DC-438,F-438,Debit Card,2024-05-01,641.49
CoD-439,F-439,Cash on Delivery,2024-03-10,1723.02
PP-440,F-440,PayPal,2023-05-20,3302.88
PP-441,F-441,PayPal,2024-01-30,1523.73
CoD-442,F-442,Cash on Delivery,2023-07-13,592.22
CC-443,F-443,Credit Card,2024-11-19,952.08
DC-444,F-444,Debit Card,2023-04-15,1135.64
PP-445,F-445,PayPal,2023-08-27,2368.88
DC-446,F-446,Debit Card,2024-02-19,1767.48
CC-447,F-447,Credit Card,2023-08-25,811.68
DC-448,F-448,Debit Card,2024-01-27,2029.2
CoD-449,F-449,Cash on Delivery,2024-11-07,3431.35
CC-450,F-450,Credit Card,2023-09-25,699.55
CoD-451,F-451,Cash on Delivery,2024-04-05,1473.78
DC-452,F-452,Debit Card,2023-11-07,982.52
CoD-453,F-453,Cash on Delivery,2024-11-22,568.72
CoD-454,F-454,Cash on Delivery,2024-02-05,1473.78
PP-455,F-455,PayPal,2023-02-16,1135.64
DC-456,F-456,Debit Card,2024-01-01,568.72
CC-457,F-457,Credit Card,2024-12-05,824.17
CoD-458,F-458,Cash on Delivery,2024-04-16,759.28
PP-459,F-459,PayPal,2023-11-21,759.28
PP-460,F-460,PayPal,2023-12-11,3302.88
CC-461,F-461,Credit Card,2023-07-26,796.6
CC-462,F-462,Credit Card,2024-08-10,3578.72
PP-463,F-463,PayPal,2024-06-27,568.72
CoD-464,F-464,Cash on Delivery,2024-11-10,1568.1
DC-465,F-465,Debit Card,2024-07-14,289.2
CoD-466,F-466,Cash on Delivery,2024-04-23,1523.73
PP-467,F-467,PayPal,2023-09-04,279.82
PP-468,F-468,PayPal,2024-10-11,591.26
DC-469,F-469,Debit Card,2024-02-20,1135.64
CoD-470,F-470,Cash on Delivery,2024-05-12,606.8
DC-471,F-471,Debit Card,2023-09-22,1671.42
CC-472,F-472,Credit Card,2023-11-18,4120.85
CC-473,F-473,Credit Card,2024-02-11,982.52
DC-474,F-474,Debit Card,2023-09-15,2745.08
DC-475,F-475,Debit Card,2024-02-04,1904.16
CC-476,F-476,Credit Card,2024-03-26,142.84
DC-477,F-477,Debit Card,2023-11-21,1069.15
CC-478,F-478,Credit Card,2023-11-12,199.15
CC-479,F-479,Credit Card,2024-10-16,419.73
DC-480,F-480,Debit Card,2024-02-07,364.08
CoD-481,F-481,Cash on Delivery,2024-10-08,1703.46
PP-482,F-482,PayPal,2024-05-18,3136.28
PP-483,F-483,PayPal,2024-06-02,121.36
DC-484,F-484,Debit Card,2023-07-08,578.4
DC-485,F-485,Debit Card,2024-08-12,491.26
DC-486,F-486,Debit Card,2023-11-24,2745.08
PP-487,F-487,PayPal,2023-10-16,1474.62
DC-488,F-488,Debit Card,2023-08-18,557.14
PP-489,F-489,PayPal,2023-02-20,3808.32
CoD-490,F-490,Cash on Delivery,2023-05-01,142.18
CoD-491,F-491,Cash on Delivery,2023-07-15,2477.16
DC-492,F-492,Debit Card,2023-08-09,1539.81
CoD-493,F-493,Cash on Delivery,2023-10-25,1671.42
PP-494,F-494,PayPal,2023-03-29,784.07
CC-495,F-495,Credit Card,2024-09-03,1539.81
CC-496,F-496,Credit Card,2024-09-12,4473.4
CC-497,F-497,Credit Card,2024-02-09,597.45
CoD-498,F-498,Cash on Delivery,2024-04-24,398.3
CoD-499,F-499,Cash on Delivery,2024-05-26,886.89
DC-500,F-500,Debit Card,2024-06-13,886.89
DC-501,F-501,Debit Card,2024-11-04,1254.48
CoD-502,F-502,Cash on Delivery,2023-06-17,485.44
DC-503,F-503,Debit Card,2024-05-11,142.84
PP-504,F-504,PayPal,2023-07-04,274.08
CC-505,F-505,Credit Card,2024-08-07,1372.54
CC-506,F-506,Credit Card,2023-01-27,107.13
CoD-507,F-507,Cash on Delivery,2023-11-28,883.74
CC-508,F-508,Credit Card,2024-11-04,144.6
PP-509,F-509,PayPal,2023-05-13,284.36
DC-510,F-510,Debit Card,2024-01-26,441.87
PP-511,F-511,PayPal,2023-06-16,578.4
CC-512,F-512,Credit Card,2023-11-14,1568.1
CoD-513,F-513,Cash on Delivery,2024-05-02,1671.42
PP-514,F-514,PayPal,2024-03-20,3808.32
CC-515,F-515,Credit Card,2024-05-22,2566.35
PP-516,F-516,PayPal,2023-11-04,1015.82
CC-517,F-517,Credit Card,2024-07-18,507.91
CC-518,F-518,Credit Card,2024-08-05,419.73
CC-519,F-519,Credit Card,2023-07-03,242.72
CoD-520,F-520,Cash on Delivery,2024-08-24,1965.04
PP-521,F-521,PayPal,2023-08-05,1904.16
CoD-522,F-522,Cash on Delivery,2023-04-30,139.91
PP-523,F-523,PayPal,2024-09-08,2031.64
DC-524,F-524,Debit Card,2023-07-15,513.27
DC-525,F-525,Debit Card,2023-09-05,2228.56
DC-526,F-526,Debit Card,2024-03-08,952.08
CoD-527,F-527,Cash on Delivery,2024-08-22,398.3
PP-528,F-528,PayPal,2024-03-18,1182.52
CC-529,F-529,Credit Card,2024-09-18,2271.28
CoD-530,F-530,Cash on Delivery,2023-03-07,2552.58
CC-531,F-531,Credit Card,2023-12-22,2053.08
PP-532,F-532,PayPal,2024-03-24,284.36
PP-533,F-533,PayPal,2024-02-04,1182.52
DC-534,F-534,Debit Card,2023-03-30,3296.68
CC-535,F-535,Credit Card,2024-05-20,1523.73
CC-536,F-536,Credit Card,2023-06-12,284.36
PP-537,F-537,PayPal,2023-05-04,3431.35
CC-538,F-538,Credit Card,2023-10-01,627.24
CC-539,F-539,Credit Card,2023-04-24,199.15
DC-540,F-540,Debit Card,2023-05-01,279.82
PP-541,F-541,PayPal,2023-04-12,1114.28
CoD-542,F-542,Cash on Delivery,2023-01-07,1015.82
DC-543,F-543,Debit Card,2024-01-17,1767.48
CoD-544,F-544,Cash on Delivery,2024-03-15,578.4
CC-545,F-545,Credit Card,2023-01-11,699.55
CC-546,F-546,Credit Card,2024-03-20,491.26
CoD-547,F-547,Cash on Delivery,2024-11-07,1478.15
PP-548,F-548,PayPal,2023-11-18,1523.73
CoD-549,F-549,Cash on Delivery,2024-04-01,71.42
CoD-550,F-550,Cash on Delivery,2023-03-28,199.15
PP-551,F-551,PayPal,2023-04-06,4760.4
PP-552,F-552,PayPal,2024-08-29,2472.51
CC-553,F-553,Credit Card,2023-09-23,699.55
DC-554,F-554,Debit Card,2024-04-09,949.86
DC-555,F-555,Debit Card,2024-08-09,982.52
CoD-556,F-556,Cash on Delivery,2024-01-05,3136.28
PP-557,F-557,PayPal,2024-05-02,1904.16
CoD-558,F-558,Cash on Delivery,2024-02-09,2352.21
CoD-559,F-559,Cash on Delivery,2023-05-28,1069.15
DC-560,F-560,Debit Card,2023-08-06,3403.44
PP-561,F-561,PayPal,2024-02-23,441.87
CC-562,F-562,Credit Card,2024-01-19,886.89
CoD-563,F-563,Cash on Delivery,2023-11-09,1523.73
CoD-564,F-564,Cash on Delivery,2024-03-03,796.6
CoD-565,F-565,Cash on Delivery,2023-05-16,1168.1
CoD-566,F-566,Cash on Delivery,2023-04-02,3686.55
CC-567,F-567,Credit Card,2023-02-16,3296.68
CC-568,F-568,Credit Card,2024-12-25,569.46
DC-569,F-569,Debit Card,2024-08-13,824.17
PP-570,F-570,PayPal,2024-06-28,982.52
PP-571,F-571,PayPal,2024-03-30,861.51
CC-572,F-572,Credit Card,2023-12-15,759.28
DC-573,F-573,Debit Card,2023-04-12,2539.55
PP-574,F-574,PayPal,2024-02-22,591.26
PP-575,F-575,PayPal,2023-04-12,1671.42
DC-576,F-576,Debit Card,2023-02-23,71.42
CoD-577,F-577,Cash on Delivery,2023-10-03,507.91
CC-578,F-578,Credit Card,2023-01-20,949.86
DC-579,F-579,Debit Card,2024-08-04,796.6
CoD-580,F-580,Cash on Delivery,2024-07-04,2053.08
CoD-581,F-581,Cash on Delivery,2023-10-24,379.64
PP-582,F-582,PayPal,2023-12-26,1723.02
CC-583,F-583,Credit Card,2023-11-04,295.63
PP-584,F-584,PayPal,2023-08-04,1568.1
PP-585,F-585,PayPal,2023-10-07,398.3
CC-586,F-586,Credit Card,2023-01-17,71.42
CoD-587,F-587,Cash on Delivery,2024-02-28,2839.1
CoD-588,F-588,Cash on Delivery,2024-10-28,557.14
CC-589,F-589,Credit Card,2024-01-02,2053.08
PP-590,F-590,PayPal,2023-01-10,71.42
CoD-591,F-591,Cash on Delivery,2023-11-07,982.52
DC-592,F-592,Debit Card,2024-12-24,1069.15
DC-593,F-593,Debit Card,2024-05-20,1474.62
PP-594,F-594,PayPal,2023-09-23,1478.15
CoD-595,F-595,Cash on Delivery,2024-06-29,710.9
CoD-596,F-596,Cash on Delivery,2023-02-23,1671.42
DC-597,F-597,Debit Card,2024-01-06,699.55
PP-598,F-598,PayPal,2023-11-20,213.83
DC-599,F-599,Debit Card,2024-12-07,1623.36
CoD-600,F-600,Cash on Delivery,2024-10-02,491.26
DC-601,F-601,Debit Card,2023-09-14,1135.64
CC-602,F-602,Credit Card,2023-03-16,2839.1
CC-603,F-603,Credit Card,2023-02-04,142.84
CC-604,F-604,Credit Card,2023-11-05,2456.3
CoD-605,F-605,Cash on Delivery,2024-02-16,861.51
CoD-606,F-606,Cash on Delivery,2024-04-09,485.44
DC-607,F-607,Debit Card,2024-04-09,2961.1
DC-608,F-608,Debit Card,2024-08-30,591.26
DC-609,F-609,Debit Card,2024-09-27,559.64
DC-610,F-610,Debit Card,2024-06-09,597.45
DC-611,F-611,Debit Card,2024-01-13,567.82
DC-612,F-612,Debit Card,2023-02-25,142.84
PP-613,F-613,PayPal,2024-12-12,3808.32
CC-614,F-614,Credit Card,2023-04-18,855.32
DC-615,F-615,Debit Card,2024-12-10,811.68
CC-616,F-616,Credit Card,2024-01-20,71.42
DC-617,F-617,Debit Card,2023-04-28,627.24
PP-618,F-618,PayPal,2023-10-18,1701.72
PP-619,F-619,PayPal,2023-07-20,405.84
DC-620,F-620,Debit Card,2024-11-01,861.51
CoD-621,F-621,Cash on Delivery,2024-11-07,279.82
PP-622,F-622,PayPal,2023-07-14,1904.16
PP-623,F-623,PayPal,2023-02-17,2566.35
CoD-624,F-624,Cash on Delivery,2023-05-10,2029.2
CoD-625,F-625,Cash on Delivery,2024-09-21,139.91
CoD-626,F-626,Cash on Delivery,2023-11-26,1217.52
DC-627,F-627,Debit Card,2024-08-20,121.36
PP-628,F-628,PayPal,2024-01-22,2566.35
DC-629,F-629,Debit Card,2023-10-30,3296.68
PP-630,F-630,PayPal,2024-04-06,2368.88
CC-631,F-631,Credit Card,2024-03-28,811.68
DC-632,F-632,Debit Card,2024-07-13,513.27
PP-633,F-633,PayPal,2023-07-25,2584.53
DC-634,F-634,Debit Card,2023-10-09,1701.72
CC-635,F-635,Credit Card,2023-12-21,548.16
DC-636,F-636,Debit Card,2024-02-12,379.64
CC-637,F-637,Credit Card,2024-04-24,3403.44
CC-638,F-638,Credit Card,2024-03-03,1474.62
PP-639,F-639,PayPal,2023-01-10,1182.52
CC-640,F-640,Credit Card,2024-02-18,4128.6
CoD-641,F-641,Cash on Delivery,2024-08-04,178.55
PP-642,F-642,PayPal,2024-01-31,289.2
CoD-643,F-643,Cash on Delivery,2024-07-20,1114.28
CC-644,F-644,Credit Card,2023-10-18,982.52
CC-645,F-645,Credit Card,2023-12-01,3808.32
DC-646,F-646,Debit Card,2024-02-03,591.26
PP-647,F-647,PayPal,2023-06-12,4760.4
CoD-648,F-648,Cash on Delivery,2023-07-26,35.71
CoD-649,F-649,Cash on Delivery,2023-12-03,3431.35
PP-650,F-650,PayPal,2024-10-23,796.6
CoD-651,F-651,Cash on Delivery,2024-03-01,1135.64
CC-652,F-652,Credit Card,2024-08-05,737.31
DC-653,F-653,Debit Card,2023-10-26,737.31
PP-654,F-654,PayPal,2024-01-13,592.22
CoD-655,F-655,Cash on Delivery,2023-02-15,559.64
CC-656,F-656,Credit Card,2024-02-11,139.91
DC-657,F-657,Debit Card,2024-04-17,491.26
DC-658,F-658,Debit Card,2023-06-24,213.83
DC-659,F-659,Debit Card,2023-03-21,952.08
CC-660,F-660,Credit Card,2024-11-22,723
CoD-661,F-661,Cash on Delivery,2023-02-23,178.55
CC-662,F-662,Credit Card,2023-04-04,118.64
CC-663,F-663,Credit Card,2023-04-09,1789.36
CoD-664,F-664,Cash on Delivery,2024-07-29,379.64
PP-665,F-665,PayPal,2023-11-28,1015.82
PP-666,F-666,PayPal,2024-11-04,886.89
CC-667,F-667,Credit Card,2024-09-05,796.6
CoD-668,F-668,Cash on Delivery,2024-09-06,2211.93
CC-669,F-669,Credit Card,2023-11-22,3296.68
CC-670,F-670,Credit Card,2024-05-30,1583.1
DC-671,F-671,Debit Card,2023-11-13,1184.44
CC-672,F-672,Credit Card,2023-07-26,811.68
CC-673,F-673,Credit Card,2023-12-03,1723.02
PP-674,F-674,PayPal,2023-01-25,1651.44
CoD-675,F-675,Cash on Delivery,2023-09-12,591.26
DC-676,F-676,Debit Card,2023-03-08,1266.48
DC-677,F-677,Debit Card,2023-06-27,2456.3
DC-678,F-678,Debit Card,2023-11-15,1168.1
DC-679,F-679,Debit Card,2024-08-13,796.6
CoD-680,F-680,Cash on Delivery,2024-02-12,578.4
CoD-681,F-681,Cash on Delivery,2023-06-09,1266.48
DC-682,F-682,Debit Card,2024-09-01,4473.4
CC-683,F-683,Credit Card,2024-01-20,685.2
PP-684,F-684,PayPal,2023-07-14,513.27
CC-685,F-685,Credit Card,2024-01-18,559.64
CoD-686,F-686,Cash on Delivery,2024-08-02,982.52
CoD-687,F-687,Cash on Delivery,2024-12-06,949.86
DC-688,F-688,Debit Card,2024-10-08,144.6
DC-689,F-689,Debit Card,2023-09-18,279.82
CC-690,F-690,Credit Card,2024-01-29,1182.52
CoD-691,F-691,Cash on Delivery,2023-09-16,1776.66
PP-692,F-692,PayPal,2023-04-02,513.27
DC-693,F-693,Debit Card,2024-02-12,569.46
PP-694,F-694,PayPal,2024-03-03,3686.55
CC-695,F-695,Credit Card,2023-05-18,427.66
DC-696,F-696,Debit Card,2023-03-02,237.28
CC-697,F-697,Credit Card,2023-04-22,284.36
CC-698,F-698,Credit Card,2024-08-22,1114.28
CC-699,F-699,Credit Card,2024-11-12,1583.1
PP-700,F-700,PayPal,2024-09-09,2920.25
PP-701,F-701,PayPal,2023-12-11,1776.66
PP-702,F-702,PayPal,2024-01-23,685.2
CC-703,F-703,Credit Card,2024-02-16,1474.62
CoD-704,F-704,Cash on Delivery,2024-01-13,3578.72
CC-705,F-705,Credit Card,2023-11-26,121.36
CoD-706,F-706,Cash on Delivery,2024-09-19,137.04
CC-707,F-707,Credit Card,2023-05-27,1478.15
CoD-708,F-708,Cash on Delivery,2024-07-15,2228.56
CC-709,F-709,Credit Card,2023-08-05,1026.54
DC-710,F-710,Debit Card,2023-12-01,855.32
CoD-711,F-711,Cash on Delivery,2024-11-12,1184.44
CoD-712,F-712,Cash on Delivery,2024-09-07,557.14
CC-713,F-713,Credit Card,2023-08-17,949.86
PP-714,F-714,PayPal,2023-04-29,2920.25
CoD-715,F-715,Cash on Delivery,2024-08-27,178.55
DC-716,F-716,Debit Card,2023-05-10,710.9
PP-717,F-717,PayPal,2023-11-20,1568.14
CC-718,F-718,Credit Card,2023-10-18,1026.54
DC-719,F-719,Debit Card,2023-10-08,2961.1
DC-720,F-720,Debit Card,2023-12-08,71.42
DC-721,F-721,Debit Card,2024-05-14,1623.36
CoD-722,F-722,Cash on Delivery,2024-04-29,426.54
DC-723,F-723,Debit Card,2023-07-19,3686.55
DC-724,F-724,Debit Card,2023-11-08,855.32
CC-725,F-725,Credit Card,2023-08-12,289.2
DC-726,F-726,Debit Card,2024-01-21,559.64
PP-727,F-727,PayPal,2023-02-23,405.84
CoD-728,F-728,Cash on Delivery,2023-02-04,513.27
CoD-729,F-729,Cash on Delivery,2024-01-20,507.91
DC-730,F-730,Debit Card,2023-03-26,507.91
DC-731,F-731,Debit Card,2023-10-08,507.91
PP-732,F-732,PayPal,2023-11-02,995.75
CoD-733,F-733,Cash on Delivery,2023-01-21,2745.08
DC-734,F-734,Debit Card,2024-10-29,295.63
PP-735,F-735,PayPal,2023-01-06,723
CC-736,F-736,Credit Card,2023-06-15,139.91
CC-737,F-737,Credit Card,2023-06-25,3446.04
CoD-738,F-738,Cash on Delivery,2023-10-28,699.55
CC-739,F-739,Credit Card,2024-07-05,2920.25
DC-740,F-740,Debit Card,2023-08-09,1789.36
CoD-741,F-741,Cash on Delivery,2023-03-18,2566.35
DC-742,F-742,Debit Card,2024-11-23,1266.48
DC-743,F-743,Debit Card,2024-10-10,883.74
DC-744,F-744,Debit Card,2024-01-24,199.15
CC-745,F-745,Credit Card,2024-07-15,2053.08
DC-746,F-746,Debit Card,2023-10-08,405.84
CoD-747,F-747,Cash on Delivery,2024-06-23,1703.46
CC-748,F-748,Credit Card,2024-07-18,411.12
CoD-749,F-749,Cash on Delivery,2023-12-20,723
DC-750,F-750,Debit Card,2024-06-09,1026.54
DC-751,F-751,Debit Card,2024-10-16,419.73
CoD-752,F-752,Cash on Delivery,2024-05-29,1752.15
CC-753,F-753,Credit Card,2023-11-09,2368.88
PP-754,F-754,PayPal,2023-06-19,2456.3
DC-755,F-755,Debit Card,2024-11-24,2566.35
DC-756,F-756,Debit Card,2024-12-15,144.6
CC-757,F-757,Credit Card,2023-09-08,710.9
PP-758,F-758,PayPal,2024-06-20,237.28
CC-759,F-759,Credit Card,2024-05-22,2053.08
PP-760,F-760,PayPal,2023-05-01,569.46
CC-761,F-761,Credit Card,2024-02-08,284.36
PP-762,F-762,PayPal,2023-01-07,2539.55
CC-763,F-763,Credit Card,2023-07-10,1623.36
CoD-764,F-764,Cash on Delivery,2023-06-07,2053.08
PP-765,F-765,PayPal,2024-04-26,1623.36
PP-766,F-766,PayPal,2024-03-25,1767.48
CC-767,F-767,Credit Card,2023-07-23,213.83
PP-768,F-768,PayPal,2023-06-14,289.2
CoD-769,F-769,Cash on Delivery,2025-01-01,1701.72
CC-770,F-770,Credit Card,2023-01-22,883.74
PP-771,F-771,PayPal,2024-09-03,592.22
DC-772,F-772,Debit Card,2024-09-24,1789.36
CoD-773,F-773,Cash on Delivery,2024-12-18,591.26
DC-774,F-774,Debit Card,2024-12-18,2839.1
CoD-775,F-775,Cash on Delivery,2023-10-08,379.64
DC-776,F-776,Debit Card,2024-01-25,2745.08
PP-777,F-777,PayPal,2024-03-13,121.36
DC-778,F-778,Debit Card,2023-09-10,411.12
CC-779,F-779,Credit Card,2023-08-06,569.46
CC-780,F-780,Credit Card,2023-12-09,1539.81
DC-781,F-781,Debit Card,2024-08-26,723
DC-782,F-782,Debit Card,2023-05-14,2209.35
CoD-783,F-783,Cash on Delivery,2024-09-25,2584.53
PP-784,F-784,PayPal,2023-07-16,1182.52
CoD-785,F-785,Cash on Delivery,2023-05-01,559.64
CC-786,F-786,Credit Card,2023-10-08,1026.54
CoD-787,F-787,Cash on Delivery,2023-03-18,1026.54
DC-788,F-788,Debit Card,2023-07-08,825.72
DC-789,F-789,Debit Card,2024-06-21,1217.52
CC-790,F-790,Credit Card,2023-02-16,2029.2
DC-791,F-791,Debit Card,2024-10-19,1372.54
PP-792,F-792,PayPal,2024-09-11,419.73
DC-793,F-793,Debit Card,2023-02-28,737.31
CoD-794,F-794,Cash on Delivery,2024-11-04,3686.55
CoD-795,F-795,Cash on Delivery,2023-08-14,107.13
CC-796,F-796,Credit Card,2024-01-13,398.3
DC-797,F-797,Debit Card,2023-07-13,2029.2
DC-798,F-798,Debit Card,2024-02-08,2029.2
DC-799,F-799,Debit Card,2024-02-17,513.27
CC-800,F-800,Credit Card,2023-04-23,189.82
CC-801,F-801,Credit Card,2024-10-04,2961.1
CoD-802,F-802,Cash on Delivery,2023-03-29,427.66
CC-803,F-803,Credit Card,2023-02-27,2566.35
DC-804,F-804,Debit Card,2024-06-07,2271.28
CoD-805,F-805,Cash on Delivery,2024-11-02,2684.04
PP-806,F-806,PayPal,2023-04-15,1217.52
CoD-807,F-807,Cash on Delivery,2023-02-14,4120.85
PP-808,F-808,PayPal,2023-06-03,1539.81
CC-809,F-809,Credit Card,2024-01-13,419.73
CoD-810,F-810,Cash on Delivery,2023-06-01,1182.52
DC-811,F-811,Debit Card,2023-10-13,1026.54
PP-812,F-812,PayPal,2024-05-07,2053.08
DC-813,F-813,Debit Card,2024-07-05,2029.2
DC-814,F-814,Debit Card,2024-08-14,1372.54
DC-815,F-815,Debit Card,2024-01-07,710.9
CoD-816,F-816,Cash on Delivery,2023-05-23,2352.21
DC-817,F-817,Debit Card,2023-05-22,189.82
CC-818,F-818,Credit Card,2023-02-25,139.91
CC-819,F-819,Credit Card,2024-01-10,279.82
PP-820,F-820,PayPal,2023-07-06,759.28
DC-821,F-821,Debit Card,2024-12-12,513.27
CoD-822,F-822,Cash on Delivery,2023-06-14,737.31
CoD-823,F-823,Cash on Delivery,2024-05-28,1671.42
CC-824,F-824,Credit Card,2023-05-09,1168.1
CoD-825,F-825,Cash on Delivery,2024-09-11,35.71
CoD-826,F-826,Cash on Delivery,2023-06-18,861.51
PP-827,F-827,PayPal,2024-09-09,433.8
DC-828,F-828,Debit Card,2023-01-12,433.8
CoD-829,F-829,Cash on Delivery,2023-02-15,2539.55
CoD-830,F-830,Cash on Delivery,2023-01-09,419.73
CC-831,F-831,Credit Card,2023-12-31,279.82
CoD-832,F-832,Cash on Delivery,2024-05-29,591.26
CC-833,F-833,Credit Card,2023-06-15,1135.64
DC-834,F-834,Debit Card,2024-10-31,1701.72
DC-835,F-835,Debit Card,2024-06-19,1671.42
CC-836,F-836,Credit Card,2023-02-10,1254.48
PP-837,F-837,PayPal,2023-01-16,1474.62
PP-838,F-838,PayPal,2023-06-23,1473.78
PP-839,F-839,PayPal,2024-04-16,641.49
PP-840,F-840,PayPal,2024-05-14,142.18
PP-841,F-841,PayPal,2023-05-13,3403.44
CC-842,F-842,Credit Card,2023-09-27,199.15
CoD-843,F-843,Cash on Delivery,2023-10-25,2271.28
CoD-844,F-844,Cash on Delivery,2023-04-06,433.8
CC-845,F-845,Credit Card,2024-03-19,279.82
CoD-846,F-846,Cash on Delivery,2024-12-20,3808.32
CC-847,F-847,Credit Card,2024-10-17,279.82
CC-848,F-848,Credit Card,2024-04-29,627.24
CC-849,F-849,Credit Card,2023-05-26,824.17
CC-850,F-850,Credit Card,2024-11-16,2856.24
CoD-851,F-851,Cash on Delivery,2023-06-18,1789.36
CoD-852,F-852,Cash on Delivery,2024-12-14,855.32
PP-853,F-853,PayPal,2023-03-21,4254.3
CoD-854,F-854,Cash on Delivery,2024-05-26,419.73
CC-855,F-855,Credit Card,2024-10-11,1182.52
CoD-856,F-856,Cash on Delivery,2024-12-14,685.2
PP-857,F-857,PayPal,2024-08-13,142.18
CoD-858,F-858,Cash on Delivery,2024-12-17,2368.88
PP-859,F-859,PayPal,2024-03-12,4120.85
CoD-860,F-860,Cash on Delivery,2024-07-20,2029.2
CC-861,F-861,Credit Card,2024-03-23,2552.58
CC-862,F-862,Credit Card,2024-02-26,825.72
CoD-863,F-863,Cash on Delivery,2023-10-24,1182.52
CoD-864,F-864,Cash on Delivery,2023-05-08,2211.93
PP-865,F-865,PayPal,2024-06-03,1217.52
PP-866,F-866,PayPal,2023-02-03,507.91
CoD-867,F-867,Cash on Delivery,2024-03-16,1114.28
CoD-868,F-868,Cash on Delivery,2024-08-14,2745.08
DC-869,F-869,Debit Card,2024-03-23,591.26
DC-870,F-870,Debit Card,2024-10-04,1217.52
CC-871,F-871,Credit Card,2023-01-12,995.75
DC-872,F-872,Debit Card,2024-10-11,1473.78
PP-873,F-873,PayPal,2024-01-23,419.73
CC-874,F-874,Credit Card,2023-04-16,861.51
PP-875,F-875,PayPal,2023-04-06,144.6
CC-876,F-876,Credit Card,2024-02-28,189.82
CC-877,F-877,Credit Card,2024-04-06,633.24
CoD-878,F-878,Cash on Delivery,2023-05-01,433.8
CC-879,F-879,Credit Card,2023-05-05,633.24
DC-880,F-880,Debit Card,2023-04-28,1026.54
CC-881,F-881,Credit Card,2023-10-02,886.89
CoD-882,F-882,Cash on Delivery,2024-05-22,2031.64
PP-883,F-883,PayPal,2023-10-15,1965.04
PP-884,F-884,PayPal,2024-04-01,1254.48
CC-885,F-885,Credit Card,2023-07-24,2961.1
PP-886,F-886,PayPal,2023-09-17,606.8
CC-887,F-887,Credit Card,2024-03-15,379.64
CC-888,F-888,Credit Card,2023-05-06,491.26
PP-889,F-889,PayPal,2023-08-27,949.1
CoD-890,F-890,Cash on Delivery,2024-09-14,405.84
PP-891,F-891,PayPal,2023-02-20,3403.44
CC-892,F-892,Credit Card,2023-12-01,2566.35
CoD-893,F-893,Cash on Delivery,2023-01-05,2228.56
CC-894,F-894,Credit Card,2024-10-22,199.15
PP-895,F-895,PayPal,2024-02-14,142.18
CC-896,F-896,Credit Card,2024-04-10,2949.24
PP-897,F-897,PayPal,2023-01-11,1015.82
CC-898,F-898,Credit Card,2024-01-13,699.55
CoD-899,F-899,Cash on Delivery,2023-03-18,597.45
DC-900,F-900,Debit Card,2023-05-03,1568.14
CoD-901,F-901,Cash on Delivery,2023-09-04,4254.3
CC-902,F-902,Credit Card,2023-04-05,1217.52
CC-903,F-903,Credit Card,2024-10-24,982.52
CC-904,F-904,Credit Card,2024-04-24,142.84
PP-905,F-905,PayPal,2024-06-10,2552.58
CoD-906,F-906,Cash on Delivery,2023-08-13,2856.24
PP-907,F-907,PayPal,2023-10-12,1182.52
CoD-908,F-908,Cash on Delivery,2023-04-23,1015.82
CC-909,F-909,Credit Card,2024-04-08,2552.58
CoD-910,F-910,Cash on Delivery,2024-03-17,3686.55
CoD-911,F-911,Cash on Delivery,2024-03-08,1723.02
CC-912,F-912,Credit Card,2024-06-15,559.64
CC-913,F-913,Credit Card,2024-08-12,569.46
DC-914,F-914,Debit Card,2024-02-19,1965.04
PP-915,F-915,PayPal,2023-12-22,2477.16
DC-916,F-916,Debit Card,2024-09-29,2745.08
CC-917,F-917,Credit Card,2023-12-07,3808.32
CC-918,F-918,Credit Card,2023-03-20,591.26
CC-919,F-919,Credit Card,2024-04-28,894.68
PP-920,F-920,PayPal,2023-05-31,199.15
CoD-921,F-921,Cash on Delivery,2024-11-10,1266.48
PP-922,F-922,PayPal,2024-11-10,699.55
CC-923,F-923,Credit Card,2024-11-06,1789.36
DC-924,F-924,Debit Card,2024-01-04,627.24
CoD-925,F-925,Cash on Delivery,2024-11-26,2456.3
PP-926,F-926,PayPal,2023-12-06,559.64
CoD-927,F-927,Cash on Delivery,2023-12-18,3431.35
DC-928,F-928,Debit Card,2024-12-02,811.68
PP-929,F-929,PayPal,2023-11-07,855.32
CC-930,F-930,Credit Card,2023-05-07,567.82
PP-931,F-931,PayPal,2023-09-15,1015.82
DC-932,F-932,Debit Card,2023-10-05,591.26
DC-933,F-933,Debit Card,2023-02-02,3578.72
DC-934,F-934,Debit Card,2023-09-25,886.89
DC-935,F-935,Debit Card,2023-07-24,2552.58
CoD-936,F-936,Cash on Delivery,2024-04-17,2456.3
CoD-937,F-937,Cash on Delivery,2024-05-30,1473.78
CoD-938,F-938,Cash on Delivery,2024-07-26,557.14
PP-939,F-939,PayPal,2024-08-17,2566.35
CC-940,F-940,Credit Card,2024-04-18,1583.1
PP-941,F-941,PayPal,2023-12-08,2209.35
CC-942,F-942,Credit Card,2024-08-21,4307.55
DC-943,F-943,Debit Card,2023-05-20,279.82
CC-944,F-944,Credit Card,2024-05-11,1583.1
CC-945,F-945,Credit Card,2024-06-16,35.71
CoD-946,F-946,Cash on Delivery,2023-02-26,405.84
CC-947,F-947,Credit Card,2024-09-19,485.44
DC-948,F-948,Debit Card,2024-11-04,1184.44
PP-949,F-949,PayPal,2024-08-25,1182.52
PP-950,F-950,PayPal,2024-03-02,485.44
CoD-951,F-951,Cash on Delivery,2023-11-07,861.51
DC-952,F-952,Debit Card,2024-04-14,419.73
CC-953,F-953,Credit Card,2023-12-24,723
DC-954,F-954,Debit Card,2023-12-14,2031.64
DC-955,F-955,Debit Card,2024-05-10,2053.08
CoD-956,F-956,Cash on Delivery,2024-08-25,949.1
CoD-957,F-957,Cash on Delivery,2023-08-26,295.63
DC-958,F-958,Debit Card,2023-08-31,557.14
CC-959,F-959,Credit Card,2023-09-14,316.62
CoD-960,F-960,Cash on Delivery,2023-06-28,1671.42
CoD-961,F-961,Cash on Delivery,2023-07-24,627.24
CC-962,F-962,Credit Card,2024-06-25,398.3
CC-963,F-963,Credit Card,2024-01-04,1266.48
DC-964,F-964,Debit Card,2024-10-19,2566.35
CoD-965,F-965,Cash on Delivery,2023-05-22,35.71
DC-966,F-966,Debit Card,2023-11-02,139.91
PP-967,F-967,PayPal,2023-10-24,1217.52
PP-968,F-968,PayPal,2024-08-12,289.2
PP-969,F-969,PayPal,2024-08-19,855.32
PP-970,F-970,PayPal,2023-12-09,118.64
CC-971,F-971,Credit Card,2024-09-16,507.91
PP-972,F-972,PayPal,2024-07-18,474.56
PP-973,F-973,PayPal,2024-10-27,1217.52
CoD-974,F-974,Cash on Delivery,2023-07-20,4307.55
CoD-975,F-975,Cash on Delivery,2024-01-22,379.64
CoD-976,F-976,Cash on Delivery,2024-01-12,2477.16
CC-977,F-977,Credit Card,2023-08-21,485.44
CC-978,F-978,Credit Card,2023-05-10,1965.04
CoD-979,F-979,Cash on Delivery,2023-10-27,1026.54
PP-980,F-980,PayPal,2023-07-30,3446.04
DC-981,F-981,Debit Card,2024-07-18,1539.81
CoD-982,F-982,Cash on Delivery,2023-04-17,737.31
DC-983,F-983,Debit Card,2024-06-17,289.2
CoD-984,F-984,Cash on Delivery,2023-02-06,1184.44
CC-985,F-985,Credit Card,2023-10-12,685.2
CC-986,F-986,Credit Card,2023-01-20,559.64
CC-987,F-987,Credit Card,2024-06-29,313.62
DC-988,F-988,Debit Card,2023-12-11,1752.15
CoD-989,F-989,Cash on Delivery,2024-03-13,199.15
CoD-990,F-990,Cash on Delivery,2024-08-04,2029.2
DC-991,F-991,Debit Card,2024-11-29,1217.52
PP-992,F-992,PayPal,2024-09-22,569.46
CC-993,F-993,Credit Card,2023-09-28,379.64
CC-994,F-994,Credit Card,2024-05-06,2539.55
PP-995,F-995,PayPal,2023-03-07,1965.04
DC-996,F-996,Debit Card,2023-05-31,2839.1
DC-997,F-997,Debit Card,2024-08-16,1703.46
DC-998,F-998,Debit Card,2023-12-28,710.9
PP-999,F-999,PayPal,2024-06-07,213.83
PP-1000,F-1000,PayPal,2023-05-27,137.04
PP-1001,F-1001,PayPal,2023-10-29,3686.55
PP-1002,F-1002,PayPal,2023-01-27,567.82
CC-1003,F-1003,Credit Card,2023-08-09,568.72
CoD-1004,F-1004,Cash on Delivery,2023-03-21,237.28
CoD-1005,F-1005,Cash on Delivery,2024-09-13,2745.08
PP-1006,F-1006,PayPal,2023-09-07,1217.52
CoD-1007,F-1007,Cash on Delivery,2024-12-10,1015.82
CoD-1008,F-1008,Cash on Delivery,2024-01-06,2745.08
CoD-1009,F-1009,Cash on Delivery,2024-07-04,591.26
CoD-1010,F-1010,Cash on Delivery,2023-11-18,199.15
CC-1011,F-1011,Credit Card,2023-07-22,379.64
DC-1012,F-1012,Debit Card,2024-12-29,3403.44
CoD-1013,F-1013,Cash on Delivery,2023-05-16,2839.1
PP-1014,F-1014,PayPal,2023-09-05,940.86
CoD-1015,F-1015,Cash on Delivery,2024-04-04,3578.72
CC-1016,F-1016,Credit Card,2024-08-26,723
CC-1017,F-1017,Credit Card,2024-06-04,2029.2
CoD-1018,F-1018,Cash on Delivery,2024-06-14,2539.55
DC-1019,F-1019,Debit Card,2023-05-27,405.84
DC-1020,F-1020,Debit Card,2023-11-18,825.72
PP-1021,F-1021,PayPal,2023-06-23,1217.52
DC-1022,F-1022,Debit Card,2023-07-31,3686.55
CC-1023,F-1023,Credit Card,2024-07-04,1648.34
CoD-1024,F-1024,Cash on Delivery,2024-03-12,2228.56
CC-1025,F-1025,Credit Card,2024-03-31,142.84
PP-1026,F-1026,PayPal,2023-03-22,1789.36
PP-1027,F-1027,PayPal,2024-06-09,139.91
CC-1028,F-1028,Credit Card,2023-11-22,1651.44
DC-1029,F-1029,Debit Card,2024-11-20,1789.36
DC-1030,F-1030,Debit Card,2023-07-23,952.08
PP-1031,F-1031,PayPal,2023-08-02,633.24
DC-1032,F-1032,Debit Card,2024-06-27,1723.02
PP-1033,F-1033,PayPal,2024-09-04,1217.52
PP-1034,F-1034,PayPal,2023-10-22,796.6
CoD-1035,F-1035,Cash on Delivery,2024-11-07,295.63
CC-1036,F-1036,Credit Card,2024-09-07,3808.32
PP-1037,F-1037,PayPal,2023-03-04,4120.85
PP-1038,F-1038,PayPal,2024-02-13,1539.81
DC-1039,F-1039,Debit Card,2023-11-12,796.6
CC-1040,F-1040,Credit Card,2024-09-17,2477.16
CC-1041,F-1041,Credit Card,2023-12-28,2839.1
DC-1042,F-1042,Debit Card,2024-07-02,1182.52
CC-1043,F-1043,Credit Card,2023-08-09,3431.35
CC-1044,F-1044,Credit Card,2024-05-28,2271.28
CC-1045,F-1045,Credit Card,2024-12-05,279.82
CoD-1046,F-1046,Cash on Delivery,2023-03-28,137.04
CoD-1047,F-1047,Cash on Delivery,2023-06-05,441.87
PP-1048,F-1048,PayPal,2024-03-11,949.1
CoD-1049,F-1049,Cash on Delivery,2024-08-13,559.64
DC-1050,F-1050,Debit Card,2024-05-09,1217.52
CoD-1051,F-1051,Cash on Delivery,2024-01-17,2029.2
CC-1052,F-1052,Credit Card,2023-08-26,759.28
CoD-1053,F-1053,Cash on Delivery,2023-04-08,4120.85
CC-1054,F-1054,Credit Card,2024-06-19,4760.4
CoD-1055,F-1055,Cash on Delivery,2023-06-04,199.15
DC-1056,F-1056,Debit Card,2024-05-15,178.55
CC-1057,F-1057,Credit Card,2023-03-25,313.62
CC-1058,F-1058,Credit Card,2023-05-05,1651.44
CoD-1059,F-1059,Cash on Delivery,2024-05-13,1372.54
PP-1060,F-1060,PayPal,2024-11-23,1217.52
PP-1061,F-1061,PayPal,2024-09-20,2477.16
CoD-1062,F-1062,Cash on Delivery,2023-05-19,379.64
DC-1063,F-1063,Debit Card,2023-03-10,737.31
DC-1064,F-1064,Debit Card,2023-03-04,3686.55
PP-1065,F-1065,PayPal,2023-12-20,405.84
DC-1066,F-1066,Debit Card,2024-10-01,796.6
CC-1067,F-1067,Credit Card,2023-10-14,71.42
PP-1068,F-1068,PayPal,2023-12-05,2456.3
DC-1069,F-1069,Debit Card,2023-08-10,316.62
CoD-1070,F-1070,Cash on Delivery,2023-03-21,189.82
CoD-1071,F-1071,Cash on Delivery,2023-05-01,633.24
DC-1072,F-1072,Debit Card,2023-11-21,4128.6
PP-1073,F-1073,PayPal,2024-07-27,796.6
CoD-1074,F-1074,Cash on Delivery,2023-07-02,139.91
CC-1075,F-1075,Credit Card,2024-01-27,1752.15
PP-1076,F-1076,PayPal,2024-08-23,949.86
CoD-1077,F-1077,Cash on Delivery,2023-02-04,411.12
CoD-1078,F-1078,Cash on Delivery,2023-02-01,2228.56
CC-1079,F-1079,Credit Card,2024-07-12,513.27
CC-1080,F-1080,Credit Card,2024-03-05,824.17
PP-1081,F-1081,PayPal,2024-11-01,699.55
CoD-1082,F-1082,Cash on Delivery,2024-01-11,2029.2
CC-1083,F-1083,Credit Card,2024-05-28,633.24
CC-1084,F-1084,Credit Card,2024-12-06,4254.3
CC-1085,F-1085,Credit Card,2024-04-22,995.75
CC-1086,F-1086,Credit Card,2023-03-30,289.2
DC-1087,F-1087,Debit Card,2023-03-25,1568.14
PP-1088,F-1088,PayPal,2023-07-02,597.45
CoD-1089,F-1089,Cash on Delivery,2023-07-01,355.92
DC-1090,F-1090,Debit Card,2023-12-24,2566.35
PP-1091,F-1091,PayPal,2023-08-04,568.72
DC-1092,F-1092,Debit Card,2023-10-03,850.86
CoD-1093,F-1093,Cash on Delivery,2024-06-13,1015.82
PP-1094,F-1094,PayPal,2023-02-04,1325.61
PP-1095,F-1095,PayPal,2024-10-25,199.15
CoD-1096,F-1096,Cash on Delivery,2023-01-23,3302.88
CoD-1097,F-1097,Cash on Delivery,2024-01-18,4254.3
PP-1098,F-1098,PayPal,2024-06-03,316.62
DC-1099,F-1099,Debit Card,2023-11-04,2456.3
DC-1100,F-1100,Debit Card,2023-04-03,2058.81
DC-1101,F-1101,Debit Card,2024-11-05,1184.44
DC-1102,F-1102,Debit Card,2024-03-23,825.72
CoD-1103,F-1103,Cash on Delivery,2023-04-13,568.72
CC-1104,F-1104,Credit Card,2024-12-24,242.72
CoD-1105,F-1105,Cash on Delivery,2024-02-14,355.92
DC-1106,F-1106,Debit Card,2024-08-23,144.6
CC-1107,F-1107,Credit Card,2024-09-17,2961.1
CoD-1108,F-1108,Cash on Delivery,2023-11-06,3808.32
CoD-1109,F-1109,Cash on Delivery,2024-11-22,2228.56
CC-1110,F-1110,Credit Card,2024-04-21,441.87
CC-1111,F-1111,Credit Card,2024-06-03,2228.56
CC-1112,F-1112,Credit Card,2024-03-11,597.45
CC-1113,F-1113,Credit Card,2023-12-10,1478.15
PP-1114,F-1114,PayPal,2023-03-23,1114.28
CC-1115,F-1115,Credit Card,2024-03-21,491.26
PP-1116,F-1116,PayPal,2024-12-03,1539.81
PP-1117,F-1117,PayPal,2024-01-01,1623.36
DC-1118,F-1118,Debit Card,2023-02-07,2785.7
PP-1119,F-1119,PayPal,2023-05-29,2053.08
CC-1120,F-1120,Credit Card,2024-06-20,2785.7
CC-1121,F-1121,Credit Card,2024-10-15,139.91
CoD-1122,F-1122,Cash on Delivery,2023-09-21,952.08
DC-1123,F-1123,Debit Card,2024-06-10,4128.6
DC-1124,F-1124,Debit Card,2024-03-23,949.86
CoD-1125,F-1125,Cash on Delivery,2023-07-05,411.12
PP-1126,F-1126,PayPal,2023-10-09,2856.24
CoD-1127,F-1127,Cash on Delivery,2023-08-15,737.31
PP-1128,F-1128,PayPal,2024-07-25,952.08
DC-1129,F-1129,Debit Card,2024-05-25,1015.82
PP-1130,F-1130,PayPal,2023-03-22,2228.56
CoD-1131,F-1131,Cash on Delivery,2023-11-08,597.45
CoD-1132,F-1132,Cash on Delivery,2024-10-01,1473.78
CC-1133,F-1133,Credit Card,2024-01-20,2839.1
CoD-1134,F-1134,Cash on Delivery,2023-10-24,1114.28
PP-1135,F-1135,PayPal,2024-09-05,411.12
CoD-1136,F-1136,Cash on Delivery,2023-08-19,1623.36
PP-1137,F-1137,PayPal,2024-02-14,1217.52
CoD-1138,F-1138,Cash on Delivery,2024-08-17,1965.04
CoD-1139,F-1139,Cash on Delivery,2024-09-26,1583.1
PP-1140,F-1140,PayPal,2024-10-02,568.72
DC-1141,F-1141,Debit Card,2024-07-19,2785.7
PP-1142,F-1142,PayPal,2024-04-28,1135.64
DC-1143,F-1143,Debit Card,2023-09-08,3920.35
CC-1144,F-1144,Credit Card,2023-12-06,883.74
CoD-1145,F-1145,Cash on Delivery,2024-04-26,3302.88
CoD-1146,F-1146,Cash on Delivery,2024-10-24,2920.25
CoD-1147,F-1147,Cash on Delivery,2023-02-10,419.73
PP-1148,F-1148,PayPal,2024-08-16,295.63
CC-1149,F-1149,Credit Card,2023-08-04,2584.53
PP-1150,F-1150,PayPal,2023-12-17,364.08
CC-1151,F-1151,Credit Card,2023-05-24,379.64
PP-1152,F-1152,PayPal,2023-11-11,1135.64
PP-1153,F-1153,PayPal,2024-12-12,1015.82
CC-1154,F-1154,Credit Card,2024-08-20,2856.24
DC-1155,F-1155,Debit Card,2024-02-20,559.64
CoD-1156,F-1156,Cash on Delivery,2024-06-19,1473.78
PP-1157,F-1157,PayPal,2023-01-15,861.51
CoD-1158,F-1158,Cash on Delivery,2023-05-03,1568.14
CC-1159,F-1159,Credit Card,2024-01-08,118.64
CC-1160,F-1160,Credit Card,2024-07-04,144.6
CoD-1161,F-1161,Cash on Delivery,2023-07-07,633.24
CC-1162,F-1162,Credit Card,2023-10-12,850.86
CoD-1163,F-1163,Cash on Delivery,2023-09-07,3431.35
CC-1164,F-1164,Credit Card,2023-11-23,686.27
PP-1165,F-1165,PayPal,2024-08-26,1648.34
CoD-1166,F-1166,Cash on Delivery,2024-03-29,427.66
CoD-1167,F-1167,Cash on Delivery,2024-05-19,274.08
PP-1168,F-1168,PayPal,2024-06-28,591.26
CoD-1169,F-1169,Cash on Delivery,2024-05-14,144.6
CoD-1170,F-1170,Cash on Delivery,2024-11-20,940.86
PP-1171,F-1171,PayPal,2023-04-22,1568.14
DC-1172,F-1172,Debit Card,2024-09-16,1789.36
PP-1173,F-1173,PayPal,2023-06-11,4760.4
CoD-1174,F-1174,Cash on Delivery,2023-10-03,1015.82
CoD-1175,F-1175,Cash on Delivery,2023-12-29,1539.81
DC-1176,F-1176,Debit Card,2023-02-26,142.84
PP-1177,F-1177,PayPal,2023-08-02,355.92
DC-1178,F-1178,Debit Card,2024-07-25,3686.55
CoD-1179,F-1179,Cash on Delivery,2023-09-06,1372.54
CoD-1180,F-1180,Cash on Delivery,2024-12-24,3296.68
PP-1181,F-1181,PayPal,2024-07-04,107.13
DC-1182,F-1182,Debit Card,2023-11-29,2271.28
PP-1183,F-1183,PayPal,2023-09-09,1703.46
PP-1184,F-1184,PayPal,2023-05-24,189.82
PP-1185,F-1185,PayPal,2023-11-25,3808.32
CC-1186,F-1186,Credit Card,2023-09-19,606.8
CC-1187,F-1187,Credit Card,2024-05-13,139.91
CoD-1188,F-1188,Cash on Delivery,2024-05-31,433.8
CC-1189,F-1189,Credit Card,2023-03-19,4760.4
DC-1190,F-1190,Debit Card,2024-08-10,2368.88
PP-1191,F-1191,PayPal,2023-06-05,597.45
CC-1192,F-1192,Credit Card,2023-01-22,1254.48
PP-1193,F-1193,PayPal,2023-06-04,1776.66
DC-1194,F-1194,Debit Card,2024-08-11,569.46
CC-1195,F-1195,Credit Card,2023-01-27,1478.15
DC-1196,F-1196,Debit Card,2023-11-19,1474.62
CoD-1197,F-1197,Cash on Delivery,2023-08-11,949.86
CoD-1198,F-1198,Cash on Delivery,2023-08-02,2031.64
CC-1199,F-1199,Credit Card,2023-05-08,567.82
PP-1200,F-1200,PayPal,2024-09-11,2584.53
CC-1201,F-1201,Credit Card,2024-01-04,559.64
PP-1202,F-1202,PayPal,2024-02-14,137.04
CoD-1203,F-1203,Cash on Delivery,2023-08-23,894.68
DC-1204,F-1204,Debit Card,2024-10-24,1539.81
CC-1205,F-1205,Credit Card,2023-05-24,2053.08
DC-1206,F-1206,Debit Card,2024-03-05,591.26
CoD-1207,F-1207,Cash on Delivery,2023-01-31,855.32
CC-1208,F-1208,Credit Card,2023-12-06,592.22
CC-1209,F-1209,Credit Card,2024-09-04,593.2
CoD-1210,F-1210,Cash on Delivery,2023-03-09,137.04
CoD-1211,F-1211,Cash on Delivery,2024-10-14,441.87
DC-1212,F-1212,Debit Card,2024-09-20,513.27
CoD-1213,F-1213,Cash on Delivery,2023-08-19,592.22
CoD-1214,F-1214,Cash on Delivery,2023-07-09,2552.58
DC-1215,F-1215,Debit Card,2023-05-15,1325.61
CC-1216,F-1216,Credit Card,2023-07-06,850.86
DC-1217,F-1217,Debit Card,2024-05-07,2228.56
PP-1218,F-1218,PayPal,2023-09-27,710.9
CoD-1219,F-1219,Cash on Delivery,2023-09-19,2856.24
PP-1220,F-1220,PayPal,2024-06-15,597.45
CC-1221,F-1221,Credit Card,2023-08-21,2949.24
CC-1222,F-1222,Credit Card,2024-04-08,1182.52
DC-1223,F-1223,Debit Card,2023-07-19,242.72
CC-1224,F-1224,Credit Card,2024-09-07,1372.54
DC-1225,F-1225,Debit Card,2023-06-20,2552.58
CoD-1226,F-1226,Cash on Delivery,2024-03-10,633.24
PP-1227,F-1227,PayPal,2024-05-02,548.16
CC-1228,F-1228,Credit Card,2023-11-16,289.2
CoD-1229,F-1229,Cash on Delivery,2023-09-06,855.32
PP-1230,F-1230,PayPal,2023-03-14,279.82
DC-1231,F-1231,Debit Card,2024-11-19,1701.72
CoD-1232,F-1232,Cash on Delivery,2023-11-15,4128.6
PP-1233,F-1233,PayPal,2024-09-16,3296.68
DC-1234,F-1234,Debit Card,2023-04-26,1266.48
DC-1235,F-1235,Debit Card,2024-09-09,2961.1
PP-1236,F-1236,PayPal,2023-10-14,1703.46
CoD-1237,F-1237,Cash on Delivery,2023-04-14,2053.08
CoD-1238,F-1238,Cash on Delivery,2024-12-26,2271.28
CC-1239,F-1239,Credit Card,2024-10-20,567.82
CC-1240,F-1240,Credit Card,2024-03-07,1767.48
CoD-1241,F-1241,Cash on Delivery,2023-02-08,3302.88
CoD-1242,F-1242,Cash on Delivery,2023-12-03,139.91
DC-1243,F-1243,Debit Card,2024-11-30,1523.73
DC-1244,F-1244,Debit Card,2024-12-16,2352.21
DC-1245,F-1245,Debit Card,2023-11-26,2053.08
CC-1246,F-1246,Credit Card,2023-08-22,2211.93
CoD-1247,F-1247,Cash on Delivery,2023-07-10,485.44
CC-1248,F-1248,Credit Card,2023-06-13,289.2
DC-1249,F-1249,Debit Card,2024-10-19,3431.35
CoD-1250,F-1250,Cash on Delivery,2023-04-03,2456.3
CC-1251,F-1251,Credit Card,2024-02-11,1789.36
DC-1252,F-1252,Debit Card,2023-08-19,759.28
DC-1253,F-1253,Debit Card,2024-05-21,1184.44
CC-1254,F-1254,Credit Card,2023-05-29,35.71
CoD-1255,F-1255,Cash on Delivery,2023-07-16,568.72
DC-1256,F-1256,Debit Card,2024-03-17,886.89
DC-1257,F-1257,Debit Card,2023-05-18,2552.58
CC-1258,F-1258,Credit Card,2024-12-26,559.64
CC-1259,F-1259,Credit Card,2023-08-18,3403.44
CoD-1260,F-1260,Cash on Delivery,2023-03-08,398.3
CC-1261,F-1261,Credit Card,2023-06-01,213.83
DC-1262,F-1262,Debit Card,2023-01-29,2566.35
CoD-1263,F-1263,Cash on Delivery,2024-12-14,2211.93
PP-1264,F-1264,PayPal,2023-01-07,2456.3
DC-1265,F-1265,Debit Card,2023-06-15,1372.54
CoD-1266,F-1266,Cash on Delivery,2023-05-03,1539.81
PP-1267,F-1267,PayPal,2023-12-18,289.2
DC-1268,F-1268,Debit Card,2023-07-08,1473.78
CC-1269,F-1269,Credit Card,2024-06-20,2211.93
PP-1270,F-1270,PayPal,2023-01-02,4760.4
DC-1271,F-1271,Debit Card,2024-07-30,426.54
DC-1272,F-1272,Debit Card,2023-12-20,35.71
CoD-1273,F-1273,Cash on Delivery,2023-07-01,1069.15
DC-1274,F-1274,Debit Card,2023-11-16,107.13
PP-1275,F-1275,PayPal,2024-09-09,279.82
DC-1276,F-1276,Debit Card,2023-04-30,1069.15
CC-1277,F-1277,Credit Card,2023-07-12,3808.32
CoD-1278,F-1278,Cash on Delivery,2024-11-10,1473.78
CoD-1279,F-1279,Cash on Delivery,2023-07-22,641.49
CoD-1280,F-1280,Cash on Delivery,2024-05-18,592.22
CC-1281,F-1281,Credit Card,2023-10-22,189.82
PP-1282,F-1282,PayPal,2024-08-07,949.1
CC-1283,F-1283,Credit Card,2024-01-30,398.3
CC-1284,F-1284,Credit Card,2024-01-15,121.36
CC-1285,F-1285,Credit Card,2023-03-16,591.26
PP-1286,F-1286,PayPal,2023-10-25,507.91
DC-1287,F-1287,Debit Card,2023-02-15,274.08
PP-1288,F-1288,PayPal,2023-11-14,982.52
CoD-1289,F-1289,Cash on Delivery,2023-10-12,1168.1
DC-1290,F-1290,Debit Card,2023-02-12,559.64
DC-1291,F-1291,Debit Card,2023-03-10,1904.16
CC-1292,F-1292,Credit Card,2024-08-06,411.12
CC-1293,F-1293,Credit Card,2023-07-25,811.68
CC-1294,F-1294,Credit Card,2024-02-02,379.64
CC-1295,F-1295,Credit Card,2023-05-27,3446.04
DC-1296,F-1296,Debit Card,2023-02-14,1478.15
DC-1297,F-1297,Debit Card,2023-07-25,121.36
CoD-1298,F-1298,Cash on Delivery,2023-07-19,1473.78
DC-1299,F-1299,Debit Card,2024-06-25,1325.61
DC-1300,F-1300,Debit Card,2024-02-24,1478.15
CC-1301,F-1301,Credit Card,2024-12-01,1135.64
CC-1302,F-1302,Credit Card,2024-10-05,405.84
DC-1303,F-1303,Debit Card,2023-10-17,2456.3
PP-1304,F-1304,PayPal,2024-05-05,982.52
PP-1305,F-1305,PayPal,2024-02-02,1703.46
DC-1306,F-1306,Debit Card,2024-04-15,3808.32
CoD-1307,F-1307,Cash on Delivery,2024-02-20,578.4
DC-1308,F-1308,Debit Card,2023-12-12,1539.81
PP-1309,F-1309,PayPal,2024-08-05,1168.1
DC-1310,F-1310,Debit Card,2024-01-19,2472.51
DC-1311,F-1311,Debit Card,2024-09-30,3578.72
CoD-1312,F-1312,Cash on Delivery,2024-06-13,1965.04
CoD-1313,F-1313,Cash on Delivery,2023-10-07,2839.1
CC-1314,F-1314,Credit Card,2023-05-14,2053.08
PP-1315,F-1315,PayPal,2023-12-06,686.27
CoD-1316,F-1316,Cash on Delivery,2024-01-07,1478.15
DC-1317,F-1317,Debit Card,2023-04-14,995.75
CoD-1318,F-1318,Cash on Delivery,2024-02-24,379.64
DC-1319,F-1319,Debit Card,2024-03-31,139.91
PP-1320,F-1320,PayPal,2023-01-21,949.1
PP-1321,F-1321,PayPal,2024-05-18,949.1
CC-1322,F-1322,Credit Card,2023-11-04,568.72
CoD-1323,F-1323,Cash on Delivery,2023-12-30,4120.85
PP-1324,F-1324,PayPal,2024-01-09,2856.24
PP-1325,F-1325,PayPal,2023-02-23,982.52
PP-1326,F-1326,PayPal,2024-11-03,759.28
CoD-1327,F-1327,Cash on Delivery,2023-01-11,710.9
PP-1328,F-1328,PayPal,2024-11-19,2552.58
PP-1329,F-1329,PayPal,2024-02-21,1539.81
CC-1330,F-1330,Credit Card,2023-03-27,1767.48
PP-1331,F-1331,PayPal,2023-04-20,591.26
CC-1332,F-1332,Credit Card,2023-03-31,784.07
CC-1333,F-1333,Credit Card,2024-04-16,1473.78
CC-1334,F-1334,Credit Card,2023-03-25,1015.82
DC-1335,F-1335,Debit Card,2023-02-21,144.6
CC-1336,F-1336,Credit Card,2024-12-24,883.74
DC-1337,F-1337,Debit Card,2023-07-22,1217.52
PP-1338,F-1338,PayPal,2023-08-22,379.64
CC-1339,F-1339,Credit Card,2023-09-14,1776.66
CC-1340,F-1340,Credit Card,2023-03-06,142.84
CC-1341,F-1341,Credit Card,2024-04-01,491.26
CC-1342,F-1342,Credit Card,2024-12-15,723
CoD-1343,F-1343,Cash on Delivery,2024-01-15,2031.64
PP-1344,F-1344,PayPal,2024-08-24,1372.54
DC-1345,F-1345,Debit Card,2024-04-19,142.84
DC-1346,F-1346,Debit Card,2023-11-21,578.4
DC-1347,F-1347,Debit Card,2023-06-26,279.82
CoD-1348,F-1348,Cash on Delivery,2023-10-05,569.46
CoD-1349,F-1349,Cash on Delivery,2023-10-12,1904.16
CC-1350,F-1350,Credit Card,2024-11-12,491.26
CoD-1351,F-1351,Cash on Delivery,2023-05-25,1135.64
PP-1352,F-1352,PayPal,2024-10-08,591.26
DC-1353,F-1353,Debit Card,2023-10-16,2552.58
DC-1354,F-1354,Debit Card,2024-04-02,426.54
PP-1355,F-1355,PayPal,2024-10-11,1965.04
DC-1356,F-1356,Debit Card,2024-10-09,949.1
CoD-1357,F-1357,Cash on Delivery,2023-11-17,710.9
PP-1358,F-1358,PayPal,2024-04-18,4760.4
CC-1359,F-1359,Credit Card,2023-10-10,379.64
DC-1360,F-1360,Debit Card,2023-12-31,3686.55
DC-1361,F-1361,Debit Card,2024-07-03,883.74
CoD-1362,F-1362,Cash on Delivery,2024-06-20,699.55
CoD-1363,F-1363,Cash on Delivery,2023-10-31,592.22
CoD-1364,F-1364,Cash on Delivery,2024-04-02,559.64
DC-1365,F-1365,Debit Card,2023-07-22,178.55
DC-1366,F-1366,Debit Card,2023-12-01,3431.35
PP-1367,F-1367,PayPal,2024-10-23,597.45
DC-1368,F-1368,Debit Card,2023-02-10,710.9
DC-1369,F-1369,Debit Card,2023-04-15,949.1
CoD-1370,F-1370,Cash on Delivery,2024-02-27,355.92
CC-1371,F-1371,Credit Card,2024-02-10,289.2
CC-1372,F-1372,Credit Card,2023-08-21,242.72
DC-1373,F-1373,Debit Card,2023-08-27,1789.36
PP-1374,F-1374,PayPal,2024-11-17,1266.48
CC-1375,F-1375,Credit Card,2024-07-17,507.91
PP-1376,F-1376,PayPal,2024-12-19,139.91
PP-1377,F-1377,PayPal,2023-01-08,3686.55
PP-1378,F-1378,PayPal,2024-09-14,597.45
CoD-1379,F-1379,Cash on Delivery,2023-01-30,796.6
PP-1380,F-1380,PayPal,2023-07-30,883.74
PP-1381,F-1381,PayPal,2023-02-25,242.72
CoD-1382,F-1382,Cash on Delivery,2023-07-05,107.13
PP-1383,F-1383,PayPal,2023-06-19,3302.88
CC-1384,F-1384,Credit Card,2023-02-01,2961.1
PP-1385,F-1385,PayPal,2024-08-04,1026.54
CC-1386,F-1386,Credit Card,2023-03-19,419.73
DC-1387,F-1387,Debit Card,2023-09-27,2368.88
DC-1388,F-1388,Debit Card,2023-06-28,952.08
DC-1389,F-1389,Debit Card,2023-01-24,685.2
CoD-1390,F-1390,Cash on Delivery,2023-02-08,2228.56
PP-1391,F-1391,PayPal,2024-11-03,199.15
DC-1392,F-1392,Debit Card,2024-11-18,1776.66
CoD-1393,F-1393,Cash on Delivery,2024-07-30,796.6
DC-1394,F-1394,Debit Card,2024-01-12,2053.08
CoD-1395,F-1395,Cash on Delivery,2023-11-25,419.73
CoD-1396,F-1396,Cash on Delivery,2023-06-01,2271.28
CoD-1397,F-1397,Cash on Delivery,2023-12-07,433.8
DC-1398,F-1398,Debit Card,2024-10-02,279.82
CC-1399,F-1399,Credit Card,2024-03-05,118.64
PP-1400,F-1400,PayPal,2024-11-11,1904.16
CoD-1401,F-1401,Cash on Delivery,2024-07-15,559.64
CoD-1402,F-1402,Cash on Delivery,2023-04-19,1648.34
CC-1403,F-1403,Credit Card,2023-04-21,559.64
DC-1404,F-1404,Debit Card,2024-07-08,144.6
CoD-1405,F-1405,Cash on Delivery,2023-07-10,144.6
CoD-1406,F-1406,Cash on Delivery,2023-01-11,178.55
CoD-1407,F-1407,Cash on Delivery,2024-05-04,2209.35
CoD-1408,F-1408,Cash on Delivery,2024-12-18,1266.48
CoD-1409,F-1409,Cash on Delivery,2023-12-26,759.28
DC-1410,F-1410,Debit Card,2023-09-16,4760.4
PP-1411,F-1411,PayPal,2024-09-10,1182.52
CC-1412,F-1412,Credit Card,2023-01-11,1474.62
CC-1413,F-1413,Credit Card,2023-10-09,606.8
DC-1414,F-1414,Debit Card,2023-06-28,3808.32
CC-1415,F-1415,Credit Card,2024-12-04,427.66
CC-1416,F-1416,Credit Card,2024-10-31,1114.28
CoD-1417,F-1417,Cash on Delivery,2024-08-20,3403.44
CoD-1418,F-1418,Cash on Delivery,2024-09-11,4307.55
CoD-1419,F-1419,Cash on Delivery,2024-01-13,4254.3
PP-1420,F-1420,PayPal,2023-03-10,513.27
DC-1421,F-1421,Debit Card,2023-05-04,144.6
DC-1422,F-1422,Debit Card,2024-07-24,419.73
CoD-1423,F-1423,Cash on Delivery,2023-05-31,355.92
CC-1424,F-1424,Credit Card,2023-04-26,2566.35
CoD-1425,F-1425,Cash on Delivery,2023-08-07,1015.82
CC-1426,F-1426,Credit Card,2024-10-10,4254.3
CC-1427,F-1427,Credit Card,2023-03-11,1266.48
CoD-1428,F-1428,Cash on Delivery,2024-01-06,982.52
PP-1429,F-1429,PayPal,2024-02-09,784.07
CoD-1430,F-1430,Cash on Delivery,2023-05-11,1623.36
CoD-1431,F-1431,Cash on Delivery,2023-03-18,1623.36
CoD-1432,F-1432,Cash on Delivery,2023-05-30,861.51
PP-1433,F-1433,PayPal,2023-11-07,995.75
DC-1434,F-1434,Debit Card,2024-08-26,4120.85
CC-1435,F-1435,Credit Card,2024-06-29,995.75
PP-1436,F-1436,PayPal,2024-08-31,995.75
CoD-1437,F-1437,Cash on Delivery,2023-07-16,886.89
DC-1438,F-1438,Debit Card,2023-07-12,2456.3
CoD-1439,F-1439,Cash on Delivery,2024-07-09,1478.15
PP-1440,F-1440,PayPal,2024-10-15,1135.64
PP-1441,F-1441,PayPal,2023-10-05,4307.55
CC-1442,F-1442,Credit Card,2024-01-21,2961.1
PP-1443,F-1443,PayPal,2024-04-10,699.55
CoD-1444,F-1444,Cash on Delivery,2024-03-13,2745.08
CC-1445,F-1445,Credit Card,2023-05-06,433.8
CoD-1446,F-1446,Cash on Delivery,2023-10-02,1474.62
PP-1447,F-1447,PayPal,2023-01-11,35.71
PP-1448,F-1448,PayPal,2024-09-10,949.1
CoD-1449,F-1449,Cash on Delivery,2023-08-14,591.26
PP-1450,F-1450,PayPal,2023-04-04,1069.15
DC-1451,F-1451,Debit Card,2023-08-15,1648.34
CoD-1452,F-1452,Cash on Delivery,2024-11-18,886.89
CoD-1453,F-1453,Cash on Delivery,2024-02-23,474.56
PP-1454,F-1454,PayPal,2024-11-20,3302.88
DC-1455,F-1455,Debit Card,2024-03-28,2785.7
PP-1456,F-1456,PayPal,2023-06-22,2336.2
CoD-1457,F-1457,Cash on Delivery,2023-08-25,2271.28
PP-1458,F-1458,PayPal,2024-04-08,295.63
PP-1459,F-1459,PayPal,2024-04-01,559.64
DC-1460,F-1460,Debit Card,2024-05-05,242.72
CC-1461,F-1461,Credit Card,2023-04-03,1372.54
CoD-1462,F-1462,Cash on Delivery,2023-06-02,597.45
CC-1463,F-1463,Credit Card,2024-06-17,491.26
CoD-1464,F-1464,Cash on Delivery,2023-06-30,2584.53
CC-1465,F-1465,Credit Card,2024-09-09,850.86
DC-1466,F-1466,Debit Card,2024-07-20,364.08
CC-1467,F-1467,Credit Card,2023-06-25,2211.93
DC-1468,F-1468,Debit Card,2023-06-21,118.64
CC-1469,F-1469,Credit Card,2024-04-18,811.68
PP-1470,F-1470,PayPal,2023-03-10,3808.32
CoD-1471,F-1471,Cash on Delivery,2024-02-09,995.75
CoD-1472,F-1472,Cash on Delivery,2023-12-29,4128.6
DC-1473,F-1473,Debit Card,2024-05-26,1474.62
CoD-1474,F-1474,Cash on Delivery,2023-04-29,4473.4
DC-1475,F-1475,Debit Card,2023-07-23,491.26
DC-1476,F-1476,Debit Card,2024-10-26,433.8
PP-1477,F-1477,PayPal,2024-02-13,1965.04
CC-1478,F-1478,Credit Card,2023-09-09,1372.54
PP-1479,F-1479,PayPal,2024-10-31,1965.04
PP-1480,F-1480,PayPal,2023-03-11,1523.73
CC-1481,F-1481,Credit Card,2024-12-29,699.55
CoD-1482,F-1482,Cash on Delivery,2024-04-04,2368.88
CoD-1483,F-1483,Cash on Delivery,2024-06-13,3431.35
DC-1484,F-1484,Debit Card,2024-07-15,1478.15
DC-1485,F-1485,Debit Card,2024-10-12,1671.42
DC-1486,F-1486,Debit Card,2023-02-12,894.68
DC-1487,F-1487,Debit Card,2024-03-13,949.1
DC-1488,F-1488,Debit Card,2024-05-09,295.63
PP-1489,F-1489,PayPal,2024-09-23,597.45
PP-1490,F-1490,PayPal,2023-12-05,2584.53
PP-1491,F-1491,PayPal,2023-10-06,2584.53
DC-1492,F-1492,Debit Card,2023-09-21,894.68
CoD-1493,F-1493,Cash on Delivery,2024-12-15,1478.15
CC-1494,F-1494,Credit Card,2023-09-06,237.28
CC-1495,F-1495,Credit Card,2023-06-07,1254.48
CoD-1496,F-1496,Cash on Delivery,2024-05-18,1965.04
CoD-1497,F-1497,Cash on Delivery,2023-12-11,982.52
CoD-1498,F-1498,Cash on Delivery,2023-01-09,1904.16
PP-1499,F-1499,PayPal,2023-07-01,737.31
CC-1500,F-1500,Credit Card,2023-12-05,139.91
CoD-1501,F-1501,Cash on Delivery,2023-06-24,559.64
CC-1502,F-1502,Credit Card,2023-03-15,3431.35
DC-1503,F-1503,Debit Card,2024-12-17,723
PP-1504,F-1504,PayPal,2023-06-16,1182.52
PP-1505,F-1505,PayPal,2024-03-04,274.08
CC-1506,F-1506,Credit Card,2023-06-08,213.83
PP-1507,F-1507,PayPal,2023-03-17,569.46
PP-1508,F-1508,PayPal,2024-11-15,723
CC-1509,F-1509,Credit Card,2024-02-05,591.26
PP-1510,F-1510,PayPal,2024-04-19,1623.36
DC-1511,F-1511,Debit Card,2024-03-08,641.49
DC-1512,F-1512,Debit Card,2024-05-13,1473.78
CC-1513,F-1513,Credit Card,2023-07-27,811.68
DC-1514,F-1514,Debit Card,2023-01-03,199.15
DC-1515,F-1515,Debit Card,2024-06-01,2856.24
CoD-1516,F-1516,Cash on Delivery,2024-07-14,1703.46
CoD-1517,F-1517,Cash on Delivery,2024-10-04,441.87
PP-1518,F-1518,PayPal,2024-08-28,982.52
DC-1519,F-1519,Debit Card,2024-02-09,949.86
CC-1520,F-1520,Credit Card,2024-02-11,295.63
PP-1521,F-1521,PayPal,2023-01-17,2539.55
CC-1522,F-1522,Credit Card,2024-11-08,723
CoD-1523,F-1523,Cash on Delivery,2024-07-12,811.68
PP-1524,F-1524,PayPal,2023-01-22,507.91
PP-1525,F-1525,PayPal,2024-03-12,427.66
DC-1526,F-1526,Debit Card,2024-07-15,850.86
CoD-1527,F-1527,Cash on Delivery,2023-10-04,1568.14
CoD-1528,F-1528,Cash on Delivery,2024-07-01,3136.28
PP-1529,F-1529,PayPal,2023-06-30,3578.72
PP-1530,F-1530,PayPal,2023-03-30,189.82
CoD-1531,F-1531,Cash on Delivery,2024-05-05,419.73
CoD-1532,F-1532,Cash on Delivery,2023-08-06,71.42
CoD-1533,F-1533,Cash on Delivery,2024-05-21,3920.35
PP-1534,F-1534,PayPal,2024-04-08,379.64
CC-1535,F-1535,Credit Card,2023-01-08,569.46
CoD-1536,F-1536,Cash on Delivery,2023-04-30,949.1
PP-1537,F-1537,PayPal,2024-10-01,35.71
PP-1538,F-1538,PayPal,2023-02-09,405.84
PP-1539,F-1539,PayPal,2023-12-15,1623.36
PP-1540,F-1540,PayPal,2023-01-24,824.17
PP-1541,F-1541,PayPal,2024-09-09,3431.35
DC-1542,F-1542,Debit Card,2023-11-22,567.82
CC-1543,F-1543,Credit Card,2024-07-17,1583.1
CoD-1544,F-1544,Cash on Delivery,2024-07-19,2684.04
CC-1545,F-1545,Credit Card,2024-11-04,1473.78
CC-1546,F-1546,Credit Card,2023-01-05,441.87
DC-1547,F-1547,Debit Card,2023-06-12,1478.15
CC-1548,F-1548,Credit Card,2024-12-18,142.18
CoD-1549,F-1549,Cash on Delivery,2024-11-29,4760.4
CC-1550,F-1550,Credit Card,2023-07-12,2053.08
CoD-1551,F-1551,Cash on Delivery,2024-06-24,419.73
CoD-1552,F-1552,Cash on Delivery,2023-05-08,3302.88
CC-1553,F-1553,Credit Card,2023-09-17,379.64
DC-1554,F-1554,Debit Card,2023-02-17,894.68
CC-1555,F-1555,Credit Card,2024-10-29,1184.44
PP-1556,F-1556,PayPal,2023-05-31,592.22
DC-1557,F-1557,Debit Card,2024-03-30,71.42
PP-1558,F-1558,PayPal,2024-11-09,591.26
CC-1559,F-1559,Credit Card,2023-06-12,121.36
DC-1560,F-1560,Debit Card,2023-10-22,427.66
PP-1561,F-1561,PayPal,2023-03-08,4254.3
CoD-1562,F-1562,Cash on Delivery,2024-05-03,142.84
DC-1563,F-1563,Debit Card,2023-08-29,3136.28
PP-1564,F-1564,PayPal,2024-12-07,316.62
DC-1565,F-1565,Debit Card,2023-09-05,1325.61
CC-1566,F-1566,Credit Card,2023-07-07,3403.44
CC-1567,F-1567,Credit Card,2024-07-21,759.28
PP-1568,F-1568,PayPal,2024-03-11,886.89
CoD-1569,F-1569,Cash on Delivery,2024-08-01,2209.35
DC-1570,F-1570,Debit Card,2023-02-16,2211.93
DC-1571,F-1571,Debit Card,2023-01-17,35.71
CC-1572,F-1572,Credit Card,2024-02-27,2920.25
CC-1573,F-1573,Credit Card,2023-08-08,1789.36
DC-1574,F-1574,Debit Card,2023-10-15,178.55
DC-1575,F-1575,Debit Card,2023-04-06,107.13
CoD-1576,F-1576,Cash on Delivery,2024-11-04,491.26
PP-1577,F-1577,PayPal,2024-05-30,2961.1
CC-1578,F-1578,Credit Card,2024-04-08,2539.55
CC-1579,F-1579,Credit Card,2023-06-26,279.82
CoD-1580,F-1580,Cash on Delivery,2023-10-30,3808.32
PP-1581,F-1581,PayPal,2023-07-29,419.73
PP-1582,F-1582,PayPal,2024-04-30,1182.52
DC-1583,F-1583,Debit Card,2023-04-22,137.04
PP-1584,F-1584,PayPal,2024-12-17,1372.54
CoD-1585,F-1585,Cash on Delivery,2024-11-07,723
DC-1586,F-1586,Debit Card,2023-10-13,107.13
CC-1587,F-1587,Credit Card,2024-07-02,759.28
DC-1588,F-1588,Debit Card,2023-04-26,723
CC-1589,F-1589,Credit Card,2023-05-10,633.24
PP-1590,F-1590,PayPal,2024-07-04,686.27
DC-1591,F-1591,Debit Card,2024-05-17,1184.44
PP-1592,F-1592,PayPal,2024-03-08,2839.1
CC-1593,F-1593,Credit Card,2023-01-31,199.15
DC-1594,F-1594,Debit Card,2024-10-14,995.75
CC-1595,F-1595,Credit Card,2024-10-25,2211.93
PP-1596,F-1596,PayPal,2024-05-31,1523.73
PP-1597,F-1597,PayPal,2024-11-15,2566.35
CC-1598,F-1598,Credit Card,2023-06-29,569.46
CC-1599,F-1599,Credit Card,2024-04-23,199.15
PP-1600,F-1600,PayPal,2024-10-13,426.54
PP-1601,F-1601,PayPal,2023-08-30,2368.88
DC-1602,F-1602,Debit Card,2023-02-20,419.73
DC-1603,F-1603,Debit Card,2024-04-26,491.26
CC-1604,F-1604,Credit Card,2024-09-24,2352.21
PP-1605,F-1605,PayPal,2023-02-18,441.87
PP-1606,F-1606,PayPal,2023-01-06,2552.58
DC-1607,F-1607,Debit Card,2024-06-12,1789.36
CoD-1608,F-1608,Cash on Delivery,2024-11-20,513.27
DC-1609,F-1609,Debit Card,2024-11-13,433.8
CoD-1610,F-1610,Cash on Delivery,2023-05-14,1473.78
CoD-1611,F-1611,Cash on Delivery,2023-03-26,3403.44
CC-1612,F-1612,Credit Card,2024-01-18,2477.16
DC-1613,F-1613,Debit Card,2024-01-13,1671.42
PP-1614,F-1614,PayPal,2023-01-24,513.27
CC-1615,F-1615,Credit Card,2024-06-27,2785.7
PP-1616,F-1616,PayPal,2024-05-27,3686.55
CC-1617,F-1617,Credit Card,2023-03-05,2211.93
PP-1618,F-1618,PayPal,2023-12-30,289.2
CoD-1619,F-1619,Cash on Delivery,2023-04-15,592.22
DC-1620,F-1620,Debit Card,2024-07-11,592.22
PP-1621,F-1621,PayPal,2024-05-19,1701.72
CoD-1622,F-1622,Cash on Delivery,2023-03-20,144.6
CC-1623,F-1623,Credit Card,2024-02-21,3686.55
CoD-1624,F-1624,Cash on Delivery,2024-08-23,557.14
PP-1625,F-1625,PayPal,2023-01-14,1372.54
DC-1626,F-1626,Debit Card,2023-05-03,578.4
CC-1627,F-1627,Credit Card,2023-03-01,118.64
DC-1628,F-1628,Debit Card,2023-04-22,995.75
CoD-1629,F-1629,Cash on Delivery,2024-08-23,1184.44
CC-1630,F-1630,Credit Card,2024-09-13,178.55
CC-1631,F-1631,Credit Card,2023-03-20,137.04
PP-1632,F-1632,PayPal,2023-02-13,569.46
CC-1633,F-1633,Credit Card,2023-02-17,995.75
DC-1634,F-1634,Debit Card,2023-07-17,952.08
CoD-1635,F-1635,Cash on Delivery,2023-01-28,2368.88
PP-1636,F-1636,PayPal,2023-06-29,591.26
CoD-1637,F-1637,Cash on Delivery,2023-07-07,3808.32
PP-1638,F-1638,PayPal,2024-09-28,1184.44
DC-1639,F-1639,Debit Card,2023-01-06,4254.3
CC-1640,F-1640,Credit Card,2024-07-17,1478.15
PP-1641,F-1641,PayPal,2023-05-08,139.91
CC-1642,F-1642,Credit Card,2024-01-13,699.55
DC-1643,F-1643,Debit Card,2025-01-01,568.72
CoD-1644,F-1644,Cash on Delivery,2024-03-06,2456.3
PP-1645,F-1645,PayPal,2024-11-23,2053.08
PP-1646,F-1646,PayPal,2024-10-14,2456.3
DC-1647,F-1647,Debit Card,2024-08-06,699.55
CoD-1648,F-1648,Cash on Delivery,2023-08-17,2352.21
CoD-1649,F-1649,Cash on Delivery,2024-02-22,2456.3
DC-1650,F-1650,Debit Card,2024-03-03,118.64
PP-1651,F-1651,PayPal,2024-06-16,3431.35
PP-1652,F-1652,PayPal,2023-01-18,107.13
CC-1653,F-1653,Credit Card,2024-08-02,4254.3
PP-1654,F-1654,PayPal,2024-07-11,1015.82
DC-1655,F-1655,Debit Card,2024-02-21,142.18
PP-1656,F-1656,PayPal,2024-11-19,591.26
DC-1657,F-1657,Debit Card,2023-10-01,3446.04
DC-1658,F-1658,Debit Card,2023-01-31,1904.16
CoD-1659,F-1659,Cash on Delivery,2024-09-06,796.6
DC-1660,F-1660,Debit Card,2024-05-30,1114.28
PP-1661,F-1661,PayPal,2024-06-24,584.05
DC-1662,F-1662,Debit Card,2023-11-26,952.08
CC-1663,F-1663,Credit Card,2024-10-19,142.84
PP-1664,F-1664,PayPal,2024-05-22,568.72
CoD-1665,F-1665,Cash on Delivery,2023-05-24,855.32
CoD-1666,F-1666,Cash on Delivery,2023-04-05,1254.48
PP-1667,F-1667,PayPal,2024-09-08,686.27
DC-1668,F-1668,Debit Card,2023-09-27,144.6
DC-1669,F-1669,Debit Card,2023-11-18,2856.24
CoD-1670,F-1670,Cash on Delivery,2024-04-23,2209.35
DC-1671,F-1671,Debit Card,2024-11-25,491.26
PP-1672,F-1672,PayPal,2023-09-01,2566.35
CoD-1673,F-1673,Cash on Delivery,2024-01-21,142.18
PP-1674,F-1674,PayPal,2023-02-20,1135.64
PP-1675,F-1675,PayPal,2023-02-14,121.36
CC-1676,F-1676,Credit Card,2023-04-15,3403.44
CC-1677,F-1677,Credit Card,2024-06-09,591.26
CC-1678,F-1678,Credit Card,2024-08-26,4760.4
CoD-1679,F-1679,Cash on Delivery,2023-06-25,685.2
DC-1680,F-1680,Debit Card,2024-07-06,633.24
CC-1681,F-1681,Credit Card,2024-08-09,2745.08
CC-1682,F-1682,Credit Card,2024-02-17,592.22
CC-1683,F-1683,Credit Card,2023-05-31,139.91
PP-1684,F-1684,PayPal,2023-07-04,1904.16
CoD-1685,F-1685,Cash on Delivery,2024-01-10,491.26
DC-1686,F-1686,Debit Card,2023-03-16,2785.7
PP-1687,F-1687,PayPal,2024-04-12,699.55
DC-1688,F-1688,Debit Card,2024-07-13,199.15
CoD-1689,F-1689,Cash on Delivery,2024-12-09,883.74
CC-1690,F-1690,Credit Card,2023-11-02,4760.4
CC-1691,F-1691,Credit Card,2024-06-03,3446.04
CoD-1692,F-1692,Cash on Delivery,2024-07-11,2271.28
CoD-1693,F-1693,Cash on Delivery,2023-01-27,4760.4
CoD-1694,F-1694,Cash on Delivery,2024-04-17,559.64
DC-1695,F-1695,Debit Card,2024-03-22,2785.7
CC-1696,F-1696,Credit Card,2023-02-09,699.55
CC-1697,F-1697,Credit Card,2024-01-13,567.82
CC-1698,F-1698,Credit Card,2024-12-03,142.84
DC-1699,F-1699,Debit Card,2023-12-17,1217.52
PP-1700,F-1700,PayPal,2023-05-24,2552.58
CoD-1701,F-1701,Cash on Delivery,2024-06-29,4254.3
PP-1702,F-1702,PayPal,2023-04-16,1671.42
PP-1703,F-1703,PayPal,2024-05-09,398.3
DC-1704,F-1704,Debit Card,2024-08-26,71.42
CC-1705,F-1705,Credit Card,2023-04-15,398.3
CoD-1706,F-1706,Cash on Delivery,2024-05-16,2566.35
DC-1707,F-1707,Debit Card,2024-05-14,597.45
CC-1708,F-1708,Credit Card,2024-11-22,178.55
PP-1709,F-1709,PayPal,2023-07-23,2539.55
PP-1710,F-1710,PayPal,2023-08-04,2053.08
DC-1711,F-1711,Debit Card,2023-07-27,737.31
CoD-1712,F-1712,Cash on Delivery,2024-05-02,685.2
CC-1713,F-1713,Credit Card,2023-09-30,379.64
CC-1714,F-1714,Credit Card,2024-04-12,1623.36
PP-1715,F-1715,PayPal,2023-05-15,2228.56
DC-1716,F-1716,Debit Card,2023-12-23,1254.48
PP-1717,F-1717,PayPal,2024-03-14,3446.04
DC-1718,F-1718,Debit Card,2024-03-28,2211.93
PP-1719,F-1719,PayPal,2024-11-16,597.45
DC-1720,F-1720,Debit Card,2024-09-20,886.89
CC-1721,F-1721,Credit Card,2024-12-10,3296.68
DC-1722,F-1722,Debit Card,2023-11-11,1539.81
CC-1723,F-1723,Credit Card,2023-11-30,1523.73
DC-1724,F-1724,Debit Card,2024-10-10,3302.88
CoD-1725,F-1725,Cash on Delivery,2024-06-21,4128.6
CoD-1726,F-1726,Cash on Delivery,2024-03-09,3578.72
DC-1727,F-1727,Debit Card,2024-01-11,4760.4
DC-1728,F-1728,Debit Card,2024-06-22,591.26
CC-1729,F-1729,Credit Card,2023-05-10,591.26
CoD-1730,F-1730,Cash on Delivery,2023-01-09,861.51
DC-1731,F-1731,Debit Card,2024-04-19,2552.58
PP-1732,F-1732,PayPal,2024-04-11,591.26
CoD-1733,F-1733,Cash on Delivery,2024-07-29,433.8
CoD-1734,F-1734,Cash on Delivery,2024-09-25,592.22
CoD-1735,F-1735,Cash on Delivery,2023-02-24,2029.2
DC-1736,F-1736,Debit Card,2023-08-09,1026.54
DC-1737,F-1737,Debit Card,2024-08-13,2566.35
PP-1738,F-1738,PayPal,2023-12-01,2961.1
DC-1739,F-1739,Debit Card,2023-11-29,1473.78
CoD-1740,F-1740,Cash on Delivery,2023-10-01,1182.52
PP-1741,F-1741,PayPal,2023-09-11,567.82
CoD-1742,F-1742,Cash on Delivery,2024-09-17,405.84
DC-1743,F-1743,Debit Card,2023-03-13,1135.64
PP-1744,F-1744,PayPal,2023-08-08,855.32
CC-1745,F-1745,Credit Card,2023-09-06,279.82
CC-1746,F-1746,Credit Card,2023-02-25,699.55
CoD-1747,F-1747,Cash on Delivery,2024-12-03,2336.2
DC-1748,F-1748,Debit Card,2024-01-17,1069.15
PP-1749,F-1749,PayPal,2023-02-11,1651.44
CC-1750,F-1750,Credit Card,2024-08-10,1671.42
DC-1751,F-1751,Debit Card,2024-08-07,513.27
PP-1752,F-1752,PayPal,2023-04-05,1776.66
CoD-1753,F-1753,Cash on Delivery,2023-01-06,4254.3
CC-1754,F-1754,Credit Card,2024-09-15,491.26
DC-1755,F-1755,Debit Card,2024-12-04,142.84
CoD-1756,F-1756,Cash on Delivery,2023-04-02,557.14
PP-1757,F-1757,PayPal,2024-09-24,35.71
DC-1758,F-1758,Debit Card,2023-08-08,142.18
PP-1759,F-1759,PayPal,2024-11-07,1026.54
CC-1760,F-1760,Credit Card,2023-06-30,137.04
DC-1761,F-1761,Debit Card,2023-01-09,995.75
PP-1762,F-1762,PayPal,2024-08-28,284.36
DC-1763,F-1763,Debit Card,2024-11-01,861.51
CoD-1764,F-1764,Cash on Delivery,2023-01-18,405.84
CoD-1765,F-1765,Cash on Delivery,2024-07-16,1523.73
CoD-1766,F-1766,Cash on Delivery,2023-03-18,242.72
PP-1767,F-1767,PayPal,2024-05-05,427.66
CC-1768,F-1768,Credit Card,2023-03-29,142.84
PP-1769,F-1769,PayPal,2024-06-27,137.04
CC-1770,F-1770,Credit Card,2023-02-03,398.3
PP-1771,F-1771,PayPal,2024-10-17,759.28
DC-1772,F-1772,Debit Card,2023-12-23,2352.21
CC-1773,F-1773,Credit Card,2023-09-15,578.4
CoD-1774,F-1774,Cash on Delivery,2023-05-06,513.27
CC-1775,F-1775,Credit Card,2023-04-03,142.84
DC-1776,F-1776,Debit Card,2024-11-17,1539.81
CC-1777,F-1777,Credit Card,2024-04-19,35.71
CC-1778,F-1778,Credit Card,2024-12-30,242.72
CoD-1779,F-1779,Cash on Delivery,2024-05-18,107.13
PP-1780,F-1780,PayPal,2024-08-01,568.72
CC-1781,F-1781,Credit Card,2024-05-23,850.86
CoD-1782,F-1782,Cash on Delivery,2023-07-25,4307.55
DC-1783,F-1783,Debit Card,2023-03-22,569.46
PP-1784,F-1784,PayPal,2024-02-17,1767.48
CoD-1785,F-1785,Cash on Delivery,2023-02-21,2031.64
CC-1786,F-1786,Credit Card,2023-09-26,699.55
DC-1787,F-1787,Debit Card,2024-12-25,295.63
CoD-1788,F-1788,Cash on Delivery,2024-08-26,569.46
CoD-1789,F-1789,Cash on Delivery,2023-08-18,121.36
CoD-1790,F-1790,Cash on Delivery,2023-10-27,189.82
DC-1791,F-1791,Debit Card,2024-05-11,2031.64
PP-1792,F-1792,PayPal,2023-08-04,723
CoD-1793,F-1793,Cash on Delivery,2024-12-29,886.89
CC-1794,F-1794,Credit Card,2024-04-16,2566.35
PP-1795,F-1795,PayPal,2024-11-12,139.91
CoD-1796,F-1796,Cash on Delivery,2023-08-29,2472.51
PP-1797,F-1797,PayPal,2024-07-04,949.1
PP-1798,F-1798,PayPal,2024-07-13,2271.28
DC-1799,F-1799,Debit Card,2023-12-31,995.75
CC-1800,F-1800,Credit Card,2024-07-06,242.72
DC-1801,F-1801,Debit Card,2024-04-29,295.63
CC-1802,F-1802,Credit Card,2024-02-17,144.6
CoD-1803,F-1803,Cash on Delivery,2023-10-04,1135.64
CoD-1804,F-1804,Cash on Delivery,2024-02-06,4128.6
CC-1805,F-1805,Credit Card,2024-12-31,686.27
PP-1806,F-1806,PayPal,2024-07-19,279.82
CoD-1807,F-1807,Cash on Delivery,2023-12-29,584.05
CoD-1808,F-1808,Cash on Delivery,2024-03-07,1325.61
PP-1809,F-1809,PayPal,2024-03-15,316.62
DC-1810,F-1810,Debit Card,2023-12-13,35.71
DC-1811,F-1811,Debit Card,2024-02-21,419.73
DC-1812,F-1812,Debit Card,2023-08-16,2352.21
CoD-1813,F-1813,Cash on Delivery,2024-05-06,279.82
CC-1814,F-1814,Credit Card,2023-04-02,886.89
CC-1815,F-1815,Credit Card,2023-06-17,242.72
CC-1816,F-1816,Credit Card,2023-12-16,1184.44
PP-1817,F-1817,PayPal,2023-12-07,137.04
CC-1818,F-1818,Credit Card,2024-09-23,592.22
CoD-1819,F-1819,Cash on Delivery,2024-03-02,568.72
CC-1820,F-1820,Credit Card,2023-09-22,3431.35
DC-1821,F-1821,Debit Card,2024-02-15,2368.88
PP-1822,F-1822,PayPal,2024-06-13,686.27
DC-1823,F-1823,Debit Card,2024-07-13,1182.52
CC-1824,F-1824,Credit Card,2024-01-26,699.55
DC-1825,F-1825,Debit Card,2023-02-20,491.26
CoD-1826,F-1826,Cash on Delivery,2024-01-05,1015.82
CoD-1827,F-1827,Cash on Delivery,2024-03-08,118.64
PP-1828,F-1828,PayPal,2024-10-25,427.66
PP-1829,F-1829,PayPal,2023-01-08,491.26
CoD-1830,F-1830,Cash on Delivery,2023-07-03,850.86
CoD-1831,F-1831,Cash on Delivery,2024-09-20,1254.48
PP-1832,F-1832,PayPal,2023-01-15,641.49
PP-1833,F-1833,PayPal,2024-08-07,2228.56
PP-1834,F-1834,PayPal,2023-01-30,2336.2
PP-1835,F-1835,PayPal,2024-10-10,1904.16
CC-1836,F-1836,Credit Card,2024-09-10,2839.1
CoD-1837,F-1837,Cash on Delivery,2023-06-29,71.42
CC-1838,F-1838,Credit Card,2024-02-15,279.82
PP-1839,F-1839,PayPal,2024-12-27,405.84
CoD-1840,F-1840,Cash on Delivery,2024-07-03,316.62
PP-1841,F-1841,PayPal,2023-03-23,1701.72
DC-1842,F-1842,Debit Card,2023-05-19,855.32
DC-1843,F-1843,Debit Card,2023-02-24,982.52
CC-1844,F-1844,Credit Card,2024-08-25,2949.24
DC-1845,F-1845,Debit Card,2023-06-22,949.86
PP-1846,F-1846,PayPal,2023-08-27,4254.3
PP-1847,F-1847,PayPal,2023-09-18,1776.66
DC-1848,F-1848,Debit Card,2023-03-20,850.86
CC-1849,F-1849,Credit Card,2024-05-18,4128.6
DC-1850,F-1850,Debit Card,2023-07-31,237.28
CC-1851,F-1851,Credit Card,2024-07-05,1254.48
CoD-1852,F-1852,Cash on Delivery,2023-03-04,824.17
DC-1853,F-1853,Debit Card,2023-07-19,316.62
DC-1854,F-1854,Debit Card,2024-10-01,883.74
CoD-1855,F-1855,Cash on Delivery,2024-10-11,686.27
PP-1856,F-1856,PayPal,2024-03-11,886.89
DC-1857,F-1857,Debit Card,2023-09-25,433.8
CC-1858,F-1858,Credit Card,2024-09-26,883.74
PP-1859,F-1859,PayPal,2023-05-31,2961.1
DC-1860,F-1860,Debit Card,2024-03-11,4307.55
CC-1861,F-1861,Credit Card,2024-08-15,1723.02
CoD-1862,F-1862,Cash on Delivery,2023-08-27,584.05
DC-1863,F-1863,Debit Card,2024-07-24,1651.44
CoD-1864,F-1864,Cash on Delivery,2023-06-04,567.82
CC-1865,F-1865,Credit Card,2023-08-04,284.36
DC-1866,F-1866,Debit Card,2023-04-30,199.15
CC-1867,F-1867,Credit Card,2024-04-17,1965.04
CC-1868,F-1868,Credit Card,2024-07-25,578.4
PP-1869,F-1869,PayPal,2024-01-17,2336.2
CC-1870,F-1870,Credit Card,2024-10-27,591.26
PP-1871,F-1871,PayPal,2024-07-17,274.08
CC-1872,F-1872,Credit Card,2023-02-05,295.63
CoD-1873,F-1873,Cash on Delivery,2023-10-13,597.45
CoD-1874,F-1874,Cash on Delivery,2023-02-17,3296.68
CC-1875,F-1875,Credit Card,2024-02-07,1539.81
PP-1876,F-1876,PayPal,2024-07-08,641.49
DC-1877,F-1877,Debit Card,2024-07-29,398.3
DC-1878,F-1878,Debit Card,2024-08-04,699.55
CC-1879,F-1879,Credit Card,2023-08-28,4254.3
CC-1880,F-1880,Credit Card,2024-05-11,723
CoD-1881,F-1881,Cash on Delivery,2023-03-21,2456.3
PP-1882,F-1882,PayPal,2023-05-16,2368.88
CC-1883,F-1883,Credit Card,2024-01-25,952.08
CoD-1884,F-1884,Cash on Delivery,2024-01-13,1114.28
CC-1885,F-1885,Credit Card,2024-04-16,142.84
DC-1886,F-1886,Debit Card,2023-03-18,952.08
DC-1887,F-1887,Debit Card,2023-05-22,142.84
PP-1888,F-1888,PayPal,2024-08-24,513.27
CC-1889,F-1889,Credit Card,2023-12-21,2552.58
PP-1890,F-1890,PayPal,2024-08-14,1184.44
DC-1891,F-1891,Debit Card,2023-02-20,557.14
PP-1892,F-1892,PayPal,2023-06-25,1568.14
PP-1893,F-1893,PayPal,2024-09-17,107.13
PP-1894,F-1894,PayPal,2024-06-13,1114.28
PP-1895,F-1895,PayPal,2024-02-03,2839.1
PP-1896,F-1896,PayPal,2024-07-29,139.91
CoD-1897,F-1897,Cash on Delivery,2024-11-03,441.87
CC-1898,F-1898,Credit Card,2023-02-24,2839.1
CoD-1899,F-1899,Cash on Delivery,2023-11-18,567.82
DC-1900,F-1900,Debit Card,2024-07-29,419.73
CoD-1901,F-1901,Cash on Delivery,2024-07-22,2839.1
CC-1902,F-1902,Credit Card,2023-04-29,2949.24
CC-1903,F-1903,Credit Card,2024-07-05,139.91
DC-1904,F-1904,Debit Card,2024-07-28,4473.4
DC-1905,F-1905,Debit Card,2024-01-04,2053.08
CoD-1906,F-1906,Cash on Delivery,2023-10-07,178.55
DC-1907,F-1907,Debit Card,2023-09-15,1473.78
DC-1908,F-1908,Debit Card,2024-01-27,2058.81
CoD-1909,F-1909,Cash on Delivery,2024-03-30,641.49
DC-1910,F-1910,Debit Card,2024-01-08,474.56
PP-1911,F-1911,PayPal,2023-11-29,567.82
CoD-1912,F-1912,Cash on Delivery,2023-03-27,295.63
CoD-1913,F-1913,Cash on Delivery,2023-12-03,1776.66
PP-1914,F-1914,PayPal,2024-10-11,952.08
CC-1915,F-1915,Credit Card,2024-12-16,441.87
CC-1916,F-1916,Credit Card,2024-08-02,1473.78
PP-1917,F-1917,PayPal,2023-02-21,686.27
PP-1918,F-1918,PayPal,2024-12-03,699.55
DC-1919,F-1919,Debit Card,2023-04-13,559.64
CC-1920,F-1920,Credit Card,2024-12-26,4473.4
PP-1921,F-1921,PayPal,2024-11-24,995.75
CC-1922,F-1922,Credit Card,2023-01-04,107.13
PP-1923,F-1923,PayPal,2023-10-19,737.31
PP-1924,F-1924,PayPal,2024-09-23,1651.44
CoD-1925,F-1925,Cash on Delivery,2023-12-15,284.36
CC-1926,F-1926,Credit Card,2024-08-06,2456.3
CoD-1927,F-1927,Cash on Delivery,2023-03-02,952.08
DC-1928,F-1928,Debit Card,2024-05-05,1478.15
CC-1929,F-1929,Credit Card,2024-08-17,886.89
DC-1930,F-1930,Debit Card,2023-06-10,949.86
DC-1931,F-1931,Debit Card,2023-08-06,559.64
DC-1932,F-1932,Debit Card,2023-09-18,1474.62
CC-1933,F-1933,Credit Card,2023-04-08,35.71
CoD-1934,F-1934,Cash on Delivery,2023-09-08,507.91
DC-1935,F-1935,Debit Card,2023-04-01,2031.64
CoD-1936,F-1936,Cash on Delivery,2023-12-09,568.72
PP-1937,F-1937,PayPal,2024-08-30,4760.4
DC-1938,F-1938,Debit Card,2024-03-05,591.26
CC-1939,F-1939,Credit Card,2023-09-19,2745.08
CC-1940,F-1940,Credit Card,2023-12-19,982.52
DC-1941,F-1941,Debit Card,2023-04-12,4760.4
CC-1942,F-1942,Credit Card,2024-06-18,2961.1
PP-1943,F-1943,PayPal,2023-04-25,949.1
CoD-1944,F-1944,Cash on Delivery,2023-11-17,2209.35
PP-1945,F-1945,PayPal,2024-12-26,199.15
CoD-1946,F-1946,Cash on Delivery,2024-09-10,1372.54
PP-1947,F-1947,PayPal,2024-06-05,1703.46
DC-1948,F-1948,Debit Card,2024-05-03,1904.16
DC-1949,F-1949,Debit Card,2024-10-02,591.26
CC-1950,F-1950,Credit Card,2023-10-13,982.52
CC-1951,F-1951,Credit Card,2024-08-14,723
DC-1952,F-1952,Debit Card,2023-02-21,433.8
CC-1953,F-1953,Credit Card,2024-01-03,811.68
PP-1954,F-1954,PayPal,2023-05-14,4307.55
DC-1955,F-1955,Debit Card,2024-11-29,592.22
DC-1956,F-1956,Debit Card,2023-04-09,4254.3
CoD-1957,F-1957,Cash on Delivery,2024-03-01,592.22
CC-1958,F-1958,Credit Card,2023-08-12,850.86
CoD-1959,F-1959,Cash on Delivery,2023-10-10,824.17
CC-1960,F-1960,Credit Card,2023-05-02,474.56
CC-1961,F-1961,Credit Card,2024-02-07,2031.64
CoD-1962,F-1962,Cash on Delivery,2023-03-28,2566.35
CoD-1963,F-1963,Cash on Delivery,2023-09-18,597.45
CoD-1964,F-1964,Cash on Delivery,2024-09-11,591.26
DC-1965,F-1965,Debit Card,2023-06-21,2336.2
PP-1966,F-1966,PayPal,2023-04-01,107.13
PP-1967,F-1967,PayPal,2023-12-18,4307.55
CoD-1968,F-1968,Cash on Delivery,2024-10-13,513.27
CC-1969,F-1969,Credit Card,2023-09-03,364.08
PP-1970,F-1970,PayPal,2023-09-03,398.3
DC-1971,F-1971,Debit Card,2024-01-09,2456.3
PP-1972,F-1972,PayPal,2023-09-04,824.17
CoD-1973,F-1973,Cash on Delivery,2023-10-01,1217.52
PP-1974,F-1974,PayPal,2024-08-23,411.12
PP-1975,F-1975,PayPal,2024-07-31,796.6
CC-1976,F-1976,Credit Card,2024-05-29,3446.04
CC-1977,F-1977,Credit Card,2023-07-01,355.92
PP-1978,F-1978,PayPal,2023-11-10,949.1
CoD-1979,F-1979,Cash on Delivery,2024-08-12,559.64
PP-1980,F-1980,PayPal,2024-04-09,1539.81
DC-1981,F-1981,Debit Card,2023-02-23,597.45
DC-1982,F-1982,Debit Card,2023-11-05,1523.73
CC-1983,F-1983,Credit Card,2024-04-13,982.52
DC-1984,F-1984,Debit Card,2024-05-22,2961.1
PP-1985,F-1985,PayPal,2024-04-02,952.08
CoD-1986,F-1986,Cash on Delivery,2023-10-14,982.52
DC-1987,F-1987,Debit Card,2024-05-25,142.18
CoD-1988,F-1988,Cash on Delivery,2023-06-01,398.3
CoD-1989,F-1989,Cash on Delivery,2023-11-28,3403.44
CoD-1990,F-1990,Cash on Delivery,2023-02-17,1539.81
CC-1991,F-1991,Credit Card,2023-11-30,995.75
DC-1992,F-1992,Debit Card,2023-07-02,1701.72
PP-1993,F-1993,PayPal,2023-05-03,559.64
CC-1994,F-1994,Credit Card,2023-08-11,759.28
PP-1995,F-1995,PayPal,2023-07-22,2368.88
CoD-1996,F-1996,Cash on Delivery,2023-01-28,2029.2
DC-1997,F-1997,Debit Card,2023-12-27,1651.44
DC-1998,F-1998,Debit Card,2023-08-21,178.55
DC-1999,F-1999,Debit Card,2024-12-11,1648.34
CC-2000,F-2000,Credit Card,2023-12-25,139.91
