﻿product_id,product_name,category,price,stock_quantity
FA-101,T-shirt,Apparel,142.18,392
FA-102,Vest,Apparel,35.71,779
FA-103,Baseball cap,Apparel,824.17,375
FA-104,Cardigan,Apparel,784.07,738
FA-105,Gloves,Apparel,118.64,793
FA-106,Gown,Apparel,507.91,506
FA-107,Hoodie,Apparel,592.22,688
FC-108,Eye Shadow,Cosmetics,213.83,755
FC-109,Eyeliner,Cosmetics,316.62,244
FC-110,Blush,Cosmetics,295.63,281
FC-111,Concealer,Cosmetics,513.27,428
FC-112,Eyelash curler,Cosmetics,557.14,501
FC-113,Lipstick,Cosmetics,199.15,393
FB-114,Fantasy,Books,121.36,382
FB-115,Science fiction,Books,584.05,889
FB-116,Dystopian,Books,952.08,496
FB-117,Adventure fiction,Books,144.6,322
FB-118,Mystery,Books,850.86,814
FB-119,Horror,Books,894.68,780
FH-120,Rugs,Home,567.82,791
FH-121,Artwork and decor,Home,861.51,582
FH-122,Clocks,Home,825.72,506
FH-123,Curtains or blinds,Home,189.82,650
FH-124,First aid kit,Home,491.26,84
FH-125,Fire extinguisher,Home,686.27,425
FE-126,Heater,Electronics,137.04,231
FE-127,Refrigerator,Electronics,405.84,767
FE-128,Smartwatch,Electronics,441.87,120
FE-129,Iron,Electronics,737.31,669
FE-130,Microwave,Electronics,139.91,768
FE-131,Flashlight,Electronics,313.62,447
